{
    "nGauss": 4,
    "mean1": {
        "func": "[0]",
        "nParams": 1,
        "p0": 0.0,
        "p0_err": 0,
        "p0_isCte": true
    },
    "mean2": {
        "func": "[0]",
        "nParams": 1,
        "p0": 0.0,
        "p0_err": 0,
        "p0_isCte": true
    },
    "mean3": {
        "func": "[0]",
        "nParams": 1,
        "p0": 0.0,
        "p0_err": 0,
        "p0_isCte": true
    },
    "mean4": {
        "func": "[0]",
        "nParams": 1,
        "p0": 0.0,
        "p0_err": 0,
        "p0_isCte": true
    },
    "sigma1": {
        "func": "[0]*TMath::Power(x, [1]) + [2]",
        "nParams": 3,
        "p0": 6.34447,
        "p0_err": 0,
        "p0_isCte": true,
        "p1": 0.3278210439863898,
        "p1_err": 0.021806422420649424,
        "p1_isCte": false,
        "p2": -2.7781530834907215,
        "p2_err": 1.6825265476236446,
        "p2_isCte": false
    },
    "sigma2": {
        "func": "[0]*TMath::Power(x, [1]) + [2]",
        "nParams": 3,
        "p0": 2.72251,
        "p0_err": 0,
        "p0_isCte": true,
        "p1": 0.03280219683421137,
        "p1_err": 0.10148807507427042,
        "p1_isCte": false,
        "p2": 2.627696968899528,
        "p2_err": 0.5545391926143936,
        "p2_isCte": false
    },
    "sigma3": {
        "func": "[0]*TMath::Exp(-[1]*x)",
        "nParams": 2,
        "p0": 9.151459134643503,
        "p0_err": 0.7473341212941865,
        "p0_isCte": false,
        "p1": 0.00426862000099959,
        "p1_err": 0.004770035039804146,
        "p1_isCte": false
    },
    "sigma4": {
        "func": "[0]*TMath::Power(x, [1]) + [2]",
        "nParams": 3,
        "p0": 0.1702750648379805,
        "p0_err": 0.46045604768582893,
        "p0_isCte": false,
        "p1": 0.2713820535439311,
        "p1_err": 0.41260841383184155,
        "p1_isCte": false,
        "p2": 10.632558950838018,
        "p2_err": 1.1547527001796911,
        "p2_isCte": false
    },
    "norm1": {
        "func": "[0]",
        "nParams": 1,
        "p0": 0.05,
        "p0_err": 0,
        "p0_isCte": true
    },
    "norm2": {
        "func": "[0]*TMath::Exp(-[1]*x)",
        "nParams": 2,
        "p0": 0.308576,
        "p0_err": 0,
        "p0_isCte": true,
        "p1": 0.01883654919225819,
        "p1_err": 0.014267060217773811,
        "p1_isCte": false
    },
    "norm3": {
        "func": "[0]*TMath::Exp(-[1]*x)",
        "nParams": 2,
        "p0": 0.493636,
        "p0_err": 0,
        "p0_isCte": true,
        "p1": 0.021828786613809825,
        "p1_err": 0.016759175199507956,
        "p1_isCte": false
    },
    "nStatVars": 11,
    "stat0": {
        "sigma1": {
            "p0": 6.34447,
            "p1": 0.3142764658841079,
            "p2": -1.2044639555710746
        },
        "mean1": {
            "p0": 0.0
        },
        "sigma2": {
            "p0": 2.72251,
            "p1": 0.05829237362659165,
            "p2": 2.272281170282195
        },
        "mean2": {
            "p0": 0.0
        },
        "sigma3": {
            "p0": 9.604987357901082,
            "p1": 0.0060372427488094745
        },
        "mean3": {
            "p0": 0.0
        },
        "sigma4": {
            "p0": 0.3087538008685,
            "p1": 0.3598636643449863,
            "p2": 9.814138889322018
        },
        "mean4": {
            "p0": 0.0
        },
        "norm1": {
            "p0": 0.05
        },
        "norm2": {
            "p0": 0.308576,
            "p1": 0.019160394884612283
        },
        "norm3": {
            "p0": 0.493636,
            "p1": 0.02679452594031624
        }
    },
    "stat1": {
        "sigma1": {
            "p0": 6.34447,
            "p1": 0.3161983460411826,
            "p2": -2.187598240641405
        },
        "mean1": {
            "p0": 0.0
        },
        "sigma2": {
            "p0": 2.72251,
            "p1": 0.02468205920544035,
            "p2": 2.7406210594195284
        },
        "mean2": {
            "p0": 0.0
        },
        "sigma3": {
            "p0": 8.684429309581839,
            "p1": 0.0023076583619606275
        },
        "mean3": {
            "p0": 0.0
        },
        "sigma4": {
            "p0": -0.09684836822364729,
            "p1": 0.3602323833157802,
            "p2": 11.424561588492592
        },
        "mean4": {
            "p0": 0.0
        },
        "norm1": {
            "p0": 0.05
        },
        "norm2": {
            "p0": 0.308576,
            "p1": 0.020164908186557865
        },
        "norm3": {
            "p0": 0.493636,
            "p1": 0.0156296451437669
        }
    },
    "stat2": {
        "sigma1": {
            "p0": 6.34447,
            "p1": 0.3239731070038651,
            "p2": -2.7065309921998004
        },
        "mean1": {
            "p0": 0.0
        },
        "sigma2": {
            "p0": 2.72251,
            "p1": -0.010111678802104014,
            "p2": 2.8782728136248745
        },
        "mean2": {
            "p0": 0.0
        },
        "sigma3": {
            "p0": 8.807420796418663,
            "p1": 0.002089860042500047
        },
        "mean3": {
            "p0": 0.0
        },
        "sigma4": {
            "p0": 0.49704177356275503,
            "p1": -0.06716722801917252,
            "p2": 10.488172967950742
        },
        "mean4": {
            "p0": 0.0
        },
        "norm1": {
            "p0": 0.05
        },
        "norm2": {
            "p0": 0.308576,
            "p1": 0.02254698518203408
        },
        "norm3": {
            "p0": 0.493636,
            "p1": 0.013769404955137248
        }
    },
    "stat3": {
        "sigma1": {
            "p0": 6.34447,
            "p1": 0.32511655930741995,
            "p2": -2.7924884249976665
        },
        "mean1": {
            "p0": 0.0
        },
        "sigma2": {
            "p0": 2.72251,
            "p1": 0.10737295299207203,
            "p2": 2.3103291161451387
        },
        "mean2": {
            "p0": 0.0
        },
        "sigma3": {
            "p0": 9.137802760598944,
            "p1": 0.004589306589263027
        },
        "mean3": {
            "p0": 0.0
        },
        "sigma4": {
            "p0": 0.2806525179146058,
            "p1": 0.0994461032488346,
            "p2": 10.737722783070069
        },
        "mean4": {
            "p0": 0.0
        },
        "norm1": {
            "p0": 0.05
        },
        "norm2": {
            "p0": 0.308576,
            "p1": 0.012610051211234449
        },
        "norm3": {
            "p0": 0.493636,
            "p1": 0.025010462062151576
        }
    },
    "stat4": {
        "sigma1": {
            "p0": 6.34447,
            "p1": 0.3306730140291158,
            "p2": -2.7956601058391986
        },
        "mean1": {
            "p0": 0.0
        },
        "sigma2": {
            "p0": 2.72251,
            "p1": 0.0323001734941625,
            "p2": 2.5583932556925966
        },
        "mean2": {
            "p0": 0.0
        },
        "sigma3": {
            "p0": 9.024799175060908,
            "p1": 0.001977813240592106
        },
        "mean3": {
            "p0": 0.0
        },
        "sigma4": {
            "p0": 0.16430017033868097,
            "p1": 0.3670765416680551,
            "p2": 10.568029281187524
        },
        "mean4": {
            "p0": 0.0
        },
        "norm1": {
            "p0": 0.05
        },
        "norm2": {
            "p0": 0.308576,
            "p1": 0.020215284419121727
        },
        "norm3": {
            "p0": 0.493636,
            "p1": 0.014919489620591355
        }
    },
    "stat5": {
        "sigma1": {
            "p0": 6.34447,
            "p1": 0.32366841271874974,
            "p2": -2.77699439745846
        },
        "mean1": {
            "p0": 0.0
        },
        "sigma2": {
            "p0": 2.72251,
            "p1": 0.060947801975061014,
            "p2": 2.637564264032033
        },
        "mean2": {
            "p0": 0.0
        },