{
    "nGauss": 4,
    "mean1": {
        "func": "[0]",
        "nParams": 1,
        "p0": 0.0,
        "p0_err": 0,
        "p0_isCte": true
    },
    "mean2": {
        "func": "[0]",
        "nParams": 1,
        "p0": 0.0,
        "p0_err": 0,
        "p0_isCte": true
    },
    "mean3": {
        "func": "[0]",
        "nParams": 1,
        "p0": 0.0,
        "p0_err": 0,
        "p0_isCte": true
    },
    "mean4": {
        "func": "[0]",
        "nParams": 1,
        "p0": 0.0,
        "p0_err": 0,
        "p0_isCte": true
    },
    "sigma1": {
        "func": "[0]*TMath::Power(x, [1]) + [2]",
        "nParams": 3,
        "p0": 6.34447,
        "p0_err": 0,
        "p0_isCte": true,
        "p1": 0.32555104453015815,
        "p1_err": 0.04468163883801925,
        "p1_isCte": false,
        "p2": -2.2993721443562976,
        "p2_err": 4.3350148108117885,
        "p2_isCte": false
    },
    "sigma2": {
        "func": "[0]*TMath::Power(x, [1]) + [2]",
        "nParams": 3,
        "p0": 2.72251,
        "p0_err": 0,
        "p0_isCte": true,
        "p1": 0.07726648517333956,
        "p1_err": 0.11381221894305821,
        "p1_isCte": false,
        "p2": 2.437849142408183,
        "p2_err": 0.8066384790350638,
        "p2_isCte": false
    },
    "sigma3": {
        "func": "[0]*TMath::Exp(-[1]*x)",
        "nParams": 2,
        "p0": 9.834738640346785,
        "p0_err": 1.7709923002684775,
        "p0_isCte": false,
        "p1": 0.008838924521455738,
        "p1_err": 0.01807761427329047,
        "p1_isCte": false
    },
    "sigma4": {
        "func": "[0]*TMath::Power(x, [1]) + [2]",
        "nParams": 3,
        "p0": 0.1696538766952358,
        "p0_err": 0.346395418604376,
        "p0_isCte": false,
        "p1": 0.4297805550782101,
        "p1_err": 0.5488598676149852,
        "p1_isCte": false,
        "p2": 10.00130023778489,
        "p2_err": 1.387409216722079,
        "p2_isCte": false
    },
    "norm1": {
        "func": "[0]",
        "nParams": 1,
        "p0": 0.05,
        "p0_err": 0,
        "p0_isCte": true
    },
    "norm2": {
        "func": "[0]*TMath::Exp(-[1]*x)",
        "nParams": 2,
        "p0": 0.308576,
        "p0_err": 0,
        "p0_isCte": true,
        "p1": 0.010703169777855237,
        "p1_err": 0.010150847224185328,
        "p1_isCte": false
    },
    "norm3": {
        "func": "[0]*TMath::Exp(-[1]*x)",
        "nParams": 2,
        "p0": 0.493636,
        "p0_err": 0,
        "p0_isCte": true,
        "p1": 0.045865175262633784,
        "p1_err": 0.09937833218949435,
        "p1_isCte": false
    },
    "nStatVars": 11,
    "stat0": {
        "sigma1": {
            "p0": 6.34447,
            "p1": 0.2839672148074241,
            "p2": 2.0180864498762183
        },
        "mean1": {
            "p0": 0.0
        },
        "sigma2": {
            "p0": 2.72251,
            "p1": 0.10151572362307859,
            "p2": 2.040615016710693
        },
        "mean2": {
            "p0": 0.0
        },
        "sigma3": {
            "p0": 10.3289435374287,
            "p1": 0.013011720552685216
        },
        "mean3": {
            "p0": 0.0
        },
        "sigma4": {
            "p0": 0.09982922026873231,
            "p1": 0.630038866585364,
            "p2": 9.385317571104709
        },
        "mean4": {
            "p0": 0.0
        },
        "norm1": {
            "p0": 0.05
        },
        "norm2": {
            "p0": 0.308576,
            "p1": 0.008701277347954686
        },
        "norm3": {
            "p0": 0.493636,
            "p1": 0.07472300582208677
        }
    },
    "stat1": {
        "sigma1": {
            "p0": 6.34447,
            "p1": 0.3364472105039431,
            "p2": -2.685442190333962
        },
        "mean1": {
            "p0": 0.0
        },
        "sigma2": {
            "p0": 2.72251,
            "p1": 0.054043735823544756,
            "p2": 2.3406157116304356
        },
        "mean2": {
            "p0": 0.0
        },
        "sigma3": {
            "p0": 11.518067420145632,
            "p1": 0.023449594979914633
        },
        "mean3": {
            "p0": 0.0
        },
        "sigma4": {
            "p0": 0.014218391915403222,
            "p1": 0.8164512819460137,
            "p2": 8.854396051770193
        },
        "mean4": {
            "p0": 0.0
        },
        "norm1": {
            "p0": 0.05
        },
        "norm2": {
            "p0": 0.308576,
            "p1": 0.006065323983933783
        },
        "norm3": {
            "p0": 0.493636,
            "p1": 0.13226481287952985
        }
    },
    "stat2": {
        "sigma1": {
            "p0": 6.34447,
            "p1": 0.3267462290972123,
            "p2": -2.2664328491223498
        },
        "mean1": {
            "p0": 0.0
        },
        "sigma2": {
            "p0": 2.72251,
            "p1": -0.01201850456069703,
            "p2": 3.0509636035828165
        },
        "mean2": {
            "p0": 0.0
        },
        "sigma3": {
            "p0": 9.681243535345235,
            "p1": 0.005236812216388024
        },
        "mean3": {
            "p0": 0.0
        },
        "sigma4": {
            "p0": 0.29915355950822264,
            "p1": 0.2988961935616897,
            "p2": 9.652364025048117
        },
        "mean4": {
            "p0": 0.0
        },
        "norm1": {
            "p0": 0.05
        },
        "norm2": {
            "p0": 0.308576,
            "p1": 0.015662760474552458
        },
        "norm3": {
            "p0": 0.493636,
            "p1": 0.037133482602944155
        }
    },
    "stat3": {
        "sigma1": {
            "p0": 6.34447,
            "p1": 0.32262976891632994,
            "p2": -2.258967243050739
        },
        "mean1": {
            "p0": 0.0
        },
        "sigma2": {
            "p0": 2.72251,
            "p1": 0.04777973010377614,
            "p2": 2.763806413322568
        },
        "mean2": {
            "p0": 0.0
        },
        "sigma3": {
            "p0": 9.989027415201729,
            "p1": 0.01525768146586979
        },
        "mean3": {
            "p0": 0.0
        },
        "sigma4": {
            "p0": -0.09068322570327236,
            "p1": 0.7036837033308727,
            "p2": 10.317249365293145
        },
        "mean4": {
            "p0": 0.0
        },
        "norm1": {
            "p0": 0.05
        },
        "norm2": {
            "p0": 0.308576,
            "p1": 0.008527553733698338
        },
        "norm3": {
            "p0": 0.493636,
            "p1": 0.07833000078356814
        }
    },
    "stat4": {
        "sigma1": {
            "p0": 6.34447,
            "p1": 0.3275410524902991,
            "p2": -2.311078333866675
        },
        "mean1": {
            "p0": 0.0
        },
        "sigma2": {
            "p0": 2.72251,
            "p1": 0.06756274377389748,
            "p2": 2.403160085825799
        },
        "mean2": {
            "p0": 0.0
        },
        "sigma3": {
            "p0": 9.728857194010974,
            "p1": 0.0030293973365442565
        },
        "mean3": {
            "p0": 0.0
        },
        "sigma4": {
            "p0": 0.09515812949829679,
            "p1": 0.5674975474199697,
            "p2": 9.909150088179677
        },
        "mean4": {
            "p0": 0.0
        },
        "norm1": {
            "p0": 0.05
        },
        "norm2": {
            "p0": 0.308576,
            "p1": 0.009669843156893896
        },
        "norm3": {
            "p0": 0.493636,
            "p1": 0.04188592236000211
        }
    },
    "stat5": {
        "sigma1": {
            "p0": 6.34447,
            "p1": 0.3272976069777329,
            "p2": -2.2994361234656227
        },
        "mean1": {
            "p0": 0.0
        },
        "sigma2": {
            "p0": 2.72251,
            "p1": 0.024356748795302502,
            "p2": 2.4304206315754056
        },
        "mean2": {
            "p0": 0.0
        },