{
    "nGauss": 4,
    "mean1": {
        "func": "[0]",
        "nParams": 1,
        "p0": 0.0,
        "p0_err": 0,
        "p0_isCte": true
    },
    "mean2": {
        "func": "[0]",
        "nParams": 1,
        "p0": 0.0,
        "p0_err": 0,
        "p0_isCte": true
    },
    "mean3": {
        "func": "[0]",
        "nParams": 1,
        "p0": 0.0,
        "p0_err": 0,
        "p0_isCte": true
    },
    "mean4": {
        "func": "[0]",
        "nParams": 1,
        "p0": 0.0,
        "p0_err": 0,
        "p0_isCte": true
    },
    "sigma1": {
        "func": "[0]*TMath::Power(x, [1]) + [2]",
        "nParams": 3,
        "p0": 6.34447,
        "p0_err": 0,
        "p0_isCte": true,
        "p1": 0.32495812975201943,
        "p1_err": 0.02062504783382487,
        "p1_isCte": false,
        "p2": -2.8287129027640248,
        "p2_err": 1.4867205586319987,
        "p2_isCte": false
    },
    "sigma2": {
        "func": "[0]*TMath::Power(x, [1]) + [2]",
        "nParams": 3,
        "p0": 2.72251,
        "p0_err": 0,
        "p0_isCte": true,
        "p1": 0.01948266538826715,
        "p1_err": 0.10475528649319886,
        "p1_isCte": false,
        "p2": 2.728416617159297,
        "p2_err": 0.5668956908271192,
        "p2_isCte": false
    },
    "sigma3": {
        "func": "[0]*TMath::Exp(-[1]*x)",
        "nParams": 2,
        "p0": 9.082716647702355,
        "p0_err": 0.6863432676190286,
        "p0_isCte": false,
        "p1": 0.0040354461233249594,
        "p1_err": 0.004367722197824357,
        "p1_isCte": false
    },
    "sigma4": {
        "func": "[0]*TMath::Power(x, [1]) + [2]",
        "nParams": 3,
        "p0": 0.22111478374304738,
        "p0_err": 0.5781933247592372,
        "p0_isCte": false,
        "p1": 0.2156852741316868,
        "p1_err": 0.3993319383559623,
        "p1_isCte": false,
        "p2": 10.632849794500714,
        "p2_err": 1.1491918965135306,
        "p2_isCte": false
    },
    "norm1": {
        "func": "[0]",
        "nParams": 1,
        "p0": 0.05,
        "p0_err": 0,
        "p0_isCte": true
    },
    "norm2": {
        "func": "[0]*TMath::Exp(-[1]*x)",
        "nParams": 2,
        "p0": 0.308576,
        "p0_err": 0,
        "p0_isCte": true,
        "p1": 0.01914480147821962,
        "p1_err": 0.013331564057431015,
        "p1_isCte": false
    },
    "norm3": {
        "func": "[0]*TMath::Exp(-[1]*x)",
        "nParams": 2,
        "p0": 0.493636,
        "p0_err": 0,
        "p0_isCte": true,
        "p1": 0.021193450620856424,
        "p1_err": 0.014823028324789019,
        "p1_isCte": false
    },
    "nStatVars": 11,
    "stat0": {
        "sigma1": {
            "p0": 6.34447,
            "p1": 0.3139206820747799,
            "p2": -1.4939922379849475
        },
        "mean1": {
            "p0": 0.0
        },
        "sigma2": {
            "p0": 2.72251,
            "p1": 0.04911453368256689,
            "p2": 2.3565102625414256
        },
        "mean2": {
            "p0": 0.0
        },
        "sigma3": {
            "p0": 9.54001482919775,
            "p1": 0.005874381696975433
        },
        "mean3": {
            "p0": 0.0
        },
        "sigma4": {
            "p0": 0.3993161481030766,
            "p1": 0.3195944676634684,
            "p2": 9.768525996548723
        },
        "mean4": {
            "p0": 0.0
        },
        "norm1": {
            "p0": 0.05
        },
        "norm2": {
            "p0": 0.308576,
            "p1": 0.01934464516833037
        },
        "norm3": {
            "p0": 0.493636,
            "p1": 0.026194013983391252
        }
    },
    "stat1": {
        "sigma1": {
            "p0": 6.34447,
            "p1": 0.31405575831083327,
            "p2": -2.1919703208547645
        },
        "mean1": {
            "p0": 0.0
        },
        "sigma2": {
            "p0": 2.72251,
            "p1": 0.019628048743922967,
            "p2": 2.771006592231292
        },
        "mean2": {
            "p0": 0.0
        },
        "sigma3": {
            "p0": 8.786253304511009,
            "p1": 0.00287912048415524
        },
        "mean3": {
            "p0": 0.0
        },
        "sigma4": {
            "p0": -0.16475907031445697,
            "p1": 0.34695472772495495,
            "p2": 11.377299225373205
        },
        "mean4": {
            "p0": 0.0
        },
        "norm1": {
            "p0": 0.05
        },
        "norm2": {
            "p0": 0.308576,
            "p1": 0.01957635454911843
        },
        "norm3": {
            "p0": 0.493636,
            "p1": 0.01800368715157213
        }
    },
    "stat2": {
        "sigma1": {
            "p0": 6.34447,
            "p1": 0.31887461487492513,
            "p2": -2.6772633392028347
        },
        "mean1": {
            "p0": 0.0
        },
        "sigma2": {
            "p0": 2.72251,
            "p1": -0.02091468626836584,
            "p2": 3.0016725652768366
        },
        "mean2": {
            "p0": 0.0
        },
        "sigma3": {
            "p0": 8.6841381727499,
            "p1": 0.001836772563145434
        },
        "mean3": {
            "p0": 0.0
        },
        "sigma4": {
            "p0": 0.5903957340553496,
            "p1": -0.09725062120163319,
            "p2": 10.575425700214316
        },
        "mean4": {
            "p0": 0.0
        },
        "norm1": {
            "p0": 0.05
        },
        "norm2": {
            "p0": 0.308576,
            "p1": 0.02193370562220638
        },
        "norm3": {
            "p0": 0.493636,
            "p1": 0.01377381274242167
        }
    },
    "stat3": {
        "sigma1": {
            "p0": 6.34447,
            "p1": 0.3222119730753825,
            "p2": -2.844386438849081
        },
        "mean1": {
            "p0": 0.0
        },
        "sigma2": {
            "p0": 2.72251,
            "p1": 0.09844483269937992,
            "p2": 2.4072463223709972
        },
        "mean2": {
            "p0": 0.0
        },
        "sigma3": {
            "p0": 9.062355924125233,
            "p1": 0.004187478245806918
        },
        "mean3": {
            "p0": 0.0
        },
        "sigma4": {
            "p0": 0.3419462151099658,
            "p1": 0.06520330092032675,
            "p2": 10.745648856862232
        },
        "mean4": {
            "p0": 0.0
        },
        "norm1": {
            "p0": 0.05
        },
        "norm2": {
            "p0": 0.308576,
            "p1": 0.012643280229942579
        },
        "norm3": {
            "p0": 0.493636,
            "p1": 0.024273496883434012
        }
    },
    "stat4": {
        "sigma1": {
            "p0": 6.34447,
            "p1": 0.3273078936410429,
            "p2": -2.8439463492739314
        },
        "mean1": {
            "p0": 0.0
        },
        "sigma2": {
            "p0": 2.72251,
            "p1": 0.02440327444792497,
            "p2": 2.671417657756496
        },
        "mean2": {
            "p0": 0.0
        },
        "sigma3": {
            "p0": 8.962211529142312,
            "p1": 0.0019286374444287169
        },
        "mean3": {
            "p0": 0.0
        },
        "sigma4": {
            "p0": 0.21206987608587202,
            "p1": 0.3105683069480252,
            "p2": 10.579737832476859
        },
        "mean4": {
            "p0": 0.0
        },
        "norm1": {
            "p0": 0.05
        },
        "norm2": {
            "p0": 0.308576,
            "p1": 0.01927786060388928
        },
        "norm3": {
            "p0": 0.493636,
            "p1": 0.01550033314735701
        }
    },
    "stat5": {
        "sigma1": {
            "p0": 6.34447,
            "p1": 0.32020319511270123,
            "p2": -2.827003423566315
        },
        "mean1": {
            "p0": 0.0
        },
        "sigma2": {
            "p0": 2.72251,
            "p1": 0.04097443895295402,
            "p2": 2.7393720522184335
        },
        "mean2": {
            "p0": 0.0
        },