{
    "nGauss": 4,
    "mean1": {
        "func": "[0]",
        "nParams": 1,
        "p0": 0.0,
        "p0_err": 0,
        "p0_isCte": true
    },
    "mean2": {
        "func": "[0]",
        "nParams": 1,
        "p0": 0.0,
        "p0_err": 0,
        "p0_isCte": true
    },
    "mean3": {
        "func": "[0]",
        "nParams": 1,
        "p0": 0.0,
        "p0_err": 0,
        "p0_isCte": true
    },
    "mean4": {
        "func": "[0]",
        "nParams": 1,
        "p0": 0.0,
        "p0_err": 0,
        "p0_isCte": true
    },
    "sigma1": {
        "func": "[0]*TMath::Power(x, [1]) + [2]",
        "nParams": 3,
        "p0": 6.34447,
        "p0_err": 0,
        "p0_isCte": true,
        "p1": 0.328821877481559,
        "p1_err": 0.01888274320208127,
        "p1_isCte": false,
        "p2": -2.8750127643974537,
        "p2_err": 1.5595338450831926,
        "p2_isCte": false
    },
    "sigma2": {
        "func": "[0]*TMath::Power(x, [1]) + [2]",
        "nParams": 3,
        "p0": 2.72251,
        "p0_err": 0,
        "p0_isCte": true,
        "p1": -0.03037008740419367,
        "p1_err": 0.19012206916797256,
        "p1_isCte": false,
        "p2": 2.968773587407526,
        "p2_err": 1.0667660285363816,
        "p2_isCte": false
    },
    "sigma3": {
        "func": "[0]*TMath::Exp(-[1]*x)",
        "nParams": 2,
        "p0": 9.075423603429968,
        "p0_err": 1.156465926087025,
        "p0_isCte": false,
        "p1": 0.003911886928406716,
        "p1_err": 0.005454053276525631,
        "p1_isCte": false
    },
    "sigma4": {
        "func": "[0]*TMath::Power(x, [1]) + [2]",
        "nParams": 3,
        "p0": 0.17898854524551666,
        "p0_err": 0.44168586865574433,
        "p0_isCte": false,
        "p1": 0.2575672870609935,
        "p1_err": 0.49346789377812816,
        "p1_isCte": false,
        "p2": 10.608677782009195,
        "p2_err": 1.5319306956675744,
        "p2_isCte": false
    },
    "norm1": {
        "func": "[0]",
        "nParams": 1,
        "p0": 0.05,
        "p0_err": 0,
        "p0_isCte": true
    },
    "norm2": {
        "func": "[0]*TMath::Exp(-[1]*x)",
        "nParams": 2,
        "p0": 0.308576,
        "p0_err": 0,
        "p0_isCte": true,
        "p1": 0.020377543064824977,
        "p1_err": 0.014346773083501687,
        "p1_isCte": false
    },
    "norm3": {
        "func": "[0]*TMath::Exp(-[1]*x)",
        "nParams": 2,
        "p0": 0.493636,
        "p0_err": 0,
        "p0_isCte": true,
        "p1": 0.021470855442061065,
        "p1_err": 0.01888876151940566,
        "p1_isCte": false
    },
    "nStatVars": 11,
    "stat0": {
        "sigma1": {
            "p0": 6.34447,
            "p1": 0.32277208463415363,
            "p2": -1.5181649044833025
        },
        "mean1": {
            "p0": 0.0
        },
        "sigma2": {
            "p0": 2.72251,
            "p1": 0.08861261307664574,
            "p2": 2.0244455884610195
        },
        "mean2": {
            "p0": 0.0
        },
        "sigma3": {
            "p0": 10.165443519290182,
            "p1": 0.00815317415644284
        },
        "mean3": {
            "p0": 0.0
        },
        "sigma4": {
            "p0": 0.32216987817134457,
            "p1": 0.5486252092063063,
            "p2": 9.181090839398411
        },
        "mean4": {
            "p0": 0.0
        },
        "norm1": {
            "p0": 0.05
        },
        "norm2": {
            "p0": 0.308576,
            "p1": 0.017565377310420367
        },
        "norm3": {
            "p0": 0.493636,
            "p1": 0.034397726776606935
        }
    },
    "stat1": {
        "sigma1": {
            "p0": 6.34447,
            "p1": 0.34150884243134905,
            "p2": -3.620163835824647
        },
        "mean1": {
            "p0": 0.0
        },
        "sigma2": {
            "p0": 2.72251,
            "p1": -0.026752691774065553,
            "p2": 2.914144180725083
        },
        "mean2": {
            "p0": 0.0
        },
        "sigma3": {
            "p0": 9.344422839849408,
            "p1": 0.005282510694222822
        },
        "mean3": {
            "p0": 0.0
        },
        "sigma4": {
            "p0": 0.3852295347903336,
            "p1": 0.15180276578841348,
            "p2": 10.141384869797191
        },
        "mean4": {
            "p0": 0.0
        },
        "norm1": {
            "p0": 0.05
        },
        "norm2": {
            "p0": 0.308576,
            "p1": 0.020206266614018465
        },
        "norm3": {
            "p0": 0.493636,
            "p1": 0.02507316091565929
        }
    },
    "stat2": {
        "sigma1": {
            "p0": 6.34447,
            "p1": 0.3249683299687645,
            "p2": -2.686429111174841
        },
        "mean1": {
            "p0": 0.0
        },
        "sigma2": {
            "p0": 2.72251,
            "p1": -0.1245057967475113,
            "p2": 3.3548492216159818
        },
        "mean2": {
            "p0": 0.0
        },
        "sigma3": {
            "p0": 8.852384951131507,
            "p1": 0.002924692824415227
        },
        "mean3": {
            "p0": 0.0
        },
        "sigma4": {
            "p0": 0.48733713527165967,
            "p1": -0.011183394055937601,
            "p2": 10.330456387728791
        },
        "mean4": {
            "p0": 0.0
        },
        "norm1": {
            "p0": 0.05
        },
        "norm2": {
            "p0": 0.308576,
            "p1": 0.027554165681738123
        },
        "norm3": {
            "p0": 0.493636,
            "p1": 0.01434441745036919
        }
    },
    "stat3": {
        "sigma1": {
            "p0": 6.34447,
            "p1": 0.32442630520729215,
            "p2": -2.8660763031554817
        },
        "mean1": {
            "p0": 0.0
        },
        "sigma2": {
            "p0": 2.72251,
            "p1": 0.0758549044454965,
            "p2": 2.664823362291632
        },
        "mean2": {
            "p0": 0.0
        },
        "sigma3": {
            "p0": 8.960412150671392,
            "p1": 0.003546876877891533
        },
        "mean3": {
            "p0": 0.0
        },
        "sigma4": {
            "p0": 0.3648991845282733,
            "p1": -0.0014754927754450087,
            "p2": 10.70518002694839
        },
        "mean4": {
            "p0": 0.0
        },
        "norm1": {
            "p0": 0.05
        },
        "norm2": {
            "p0": 0.308576,
            "p1": 0.01111965963831489
        },
        "norm3": {
            "p0": 0.493636,
            "p1": 0.026382911745193777
        }
    },
    "stat4": {
        "sigma1": {
            "p0": 6.34447,
            "p1": 0.3311329460168513,
            "p2": -2.8896460303932257
        },
        "mean1": {
            "p0": 0.0
        },
        "sigma2": {
            "p0": 2.72251,
            "p1": -0.015205100651404098,
            "p2": 2.9280900331273743
        },
        "mean2": {
            "p0": 0.0
        },
        "sigma3": {
            "p0": 8.958137095953429,
            "p1": 0.001807184434078664
        },
        "mean3": {
            "p0": 0.0
        },
        "sigma4": {
            "p0": 0.1806522345800635,
            "p1": 0.3426879748976513,
            "p2": 10.55086131145503
        },
        "mean4": {
            "p0": 0.0
        },
        "norm1": {
            "p0": 0.05
        },
        "norm2": {
            "p0": 0.308576,
            "p1": 0.018688211198603227
        },
        "norm3": {
            "p0": 0.493636,
            "p1": 0.017108888356921186
        }
    },
    "stat5": {
        "sigma1": {
            "p0": 6.34447,
            "p1": 0.33315068402766695,
            "p2": -2.8761482073598055
        },
        "mean1": {
            "p0": 0.0
        },
        "sigma2": {
            "p0": 2.72251,
            "p1": -0.03637706658228862,
            "p2": 2.9630168690211875
        },
        "mean2": {
            "p0": 0.0
        },