{
    "x": {
        "data": {
            "nominal": {
                "p0": -2.3435379547225255,
                "p1": 0.014711261140581019,
                "p2": -9.132307203723342e-05,
                "p3": -8.36673411154524e-06,
                "polyOrder": 3
            }
        },
        "mc": {
            "nominal": {
                "p0": -2.6592812532824732,
                "p1": -0.03316420238369035,
                "p2": -0.00041071652466481874,
                "p3": -8.541483758972791e-06,
                "polyOrder": 3
            }
        }
    },
    "y": {
        "data": {
            "nominal": {
                "p0": -1.2388770051132494,
                "p1": 0.15016716364894367,
                "p2": -0.01803508119837056,
                "p3": 0.0011607480929976413,
                "p4": -3.846395708980046e-05,
                "p5": 6.03905928400423e-07,
                "p6": -3.6226958075855872e-09,
                "polyOrder": 6
            }
        },
        "mc": {
            "nominal": {
                "p0": -1.0789142481989453,
                "p1": 0.010756598554922217,
                "p2": -0.00044688746144042784,
                "p3": -6.846609935982209e-06,
                "polyOrder": 3
            }
        }
    }
}