{
    "x": {
        "data": {
            "nominal": {
                "p0": -0.047540402899469786,
                "p1": -0.06433738767055328,
                "polyOrder": 1
            }
        },
        "mc": {
            "nominal": {
                "p0": 0.3657238456894436,
                "p1": -0.015243661191899113,
                "polyOrder": 1
            }
        }
    },
    "y": {
        "data": {
            "nominal": {
                "p0": 0.1331430071744916,
                "p1": 0.032996899975841036,
                "polyOrder": 1
            }
        },
        "mc": {
            "nominal": {
                "p0": -0.2560432664732379,
                "p1": 0.015052437739591348,
                "polyOrder": 1
            }
        }
    }
}