{
    "x": {
        "data": {
            "nominal": {
                "p0": -0.45173775246267633,
                "p1": -0.25617058382311014,
                "p2": -0.013122422196411052,
                "polyOrder": 2
            }
        },
        "mc": {
            "nominal": {
                "p0": -0.17919924043690755,
                "p1": -0.07446542928713847,
                "p2": -0.005244069250012232,
                "polyOrder": 2
            }
        }
    },
    "y": {
        "data": {
            "nominal": {
                "p0": -0.020768018605252153,
                "p1": 0.2036100826956857,
                "p2": 0.003375874743119239,
                "polyOrder": 2
            }
        },
        "mc": {
            "nominal": {
                "p0": -0.18201450141105632,
                "p1": 0.11961334640693205,
                "p2": -0.00344917445790811,
                "polyOrder": 2
            }
        }
    }
}