{
    "x": {
        "data": {
            "nominal": {
                "p0": -0.3516153852923094,
                "p1": -0.2669824286358983,
                "p2": -0.012059036075015286,
                "p3": 0.00019474599730677668,
                "polyOrder": 3
            }
        },
        "mc": {
            "nominal": {
                "p0": -0.08898353292516263,
                "p1": -0.14876241738414223,
                "p2": 0.017040859306393204,
                "p3": -0.0019047168145616099,
                "polyOrder": 3
            }
        }
    },
    "y": {
        "data": {
            "nominal": {
                "p0": -0.07393033948027711,
                "p1": 0.2440121609747407,
                "p2": -0.0014017267840676778,
                "polyOrder": 2
            }
        },
        "mc": {
            "nominal": {
                "p0": -0.16304047731019866,
                "p1": 0.11168506598600599,
                "p2": -0.0021096618925943948,
                "polyOrder": 2
            }
        }
    }
}