{
    "x": {
        "data": {
            "nominal": {
                "p0": -0.12651096122767855,
                "p1": 0.0653546688841689,
                "p2": -0.042027158542857726,
                "p3": 0.002867993201657559,
                "polyOrder": 3
            }
        },
        "mc": {
            "nominal": {
                "p0": 0.38064763102145666,
                "p1": -0.05602205386258706,
                "p2": 0.015097012891421744,
                "p3": -0.0015363973429294965,
                "polyOrder": 3
            }
        }
    },
    "y": {
        "data": {
            "nominal": {
                "p0": -0.06346042784200602,
                "p1": 0.08548626991008161,
                "p2": -0.001348956694873127,
                "polyOrder": 2
            }
        },
        "mc": {
            "nominal": {
                "p0": -0.23154730727977768,
                "p1": 0.018328911235339748,
                "p2": -0.00037237654422925433,
                "polyOrder": 2
            }
        }
    }
}