{
    "x": {
        "data": {
            "nominal": {
                "p0": -0.3199316713458767,
                "p1": -0.3032869938296313,
                "polyOrder": 1
            }
        },
        "mc": {
            "nominal": {
                "p0": -0.1113226424621592,
                "p1": -0.10260731633308659,
                "polyOrder": 1
            }
        }
    },
    "y": {
        "data": {
            "nominal": {
                "p0": 0.1384917902299018,
                "p1": 0.178305921311885,
                "polyOrder": 1
            }
        },
        "mc": {
            "nominal": {
                "p0": -0.17545635028772097,
                "p1": 0.0947100375002257,
                "polyOrder": 1
            }
        }
    }
}