{
    "x": {
        "data": {
            "nominal": {
                "p0": -0.23914530797439293,
                "p1": -0.34676215227756335,
                "polyOrder": 1
            }
        },
        "mc": {
            "nominal": {
                "p0": -0.10568530791582285,
                "p1": -0.11204500234767945,
                "polyOrder": 1
            }
        }
    },
    "y": {
        "data": {
            "nominal": {
                "p0": -0.05878567298003007,
                "p1": 0.2336604391587076,
                "polyOrder": 1
            }
        },
        "mc": {
            "nominal": {
                "p0": -0.18054374954363003,
                "p1": 0.1055384189635803,
                "polyOrder": 1
            }
        }
    }
}