{
    "qT_bins": [
        0,
        1,
        2,
        3,
        4,
        5,
        6,
        7,
        8,
        9,
        10,
        11,
        12,
        13,
        14,
        15,
        16,
        17,
        18,
        19,
        20,
        21,
        22,
        23,
        24,
        25,
        26,
        27,
        28,
        29,
        30,
        32,
        34,
        36,
        38,
        40,
        42,
        44,
        46,
        48,
        50,
        55,
        60,
        65,
        70,
        80,
        90,
        100,
        110,
        120,
        150,
        300
    ],
    "weights": [
        1.0251263771994648,
        0.9581572172803197,
        0.912929058048038,
        0.9034490924440723,
        0.9102061213038408,
        0.9414849781733462,
        0.9693646687013912,
        0.9609261043314807,
        0.989286290748018,
        1.0247077441639356,
        1.0482653581570456,
        1.0006776291962276,
        1.0886457435536732,
        1.0478574299032748,
        1.0571175097768815,
        1.0730372897379097,
        1.0709518020852726,
        1.093030060321667,
        1.0439559008978267,
        1.0556818516378135,
        1.072382868473398,
        1.0573604030856747,
        1.0780453105592547,
        1.0613209312994534,
        1.1285815334951597,
        1.0599402876986415,
        1.0123634213172716,
        1.0370820235802796,
        1.0343233360753905,
        1.013107204760523,
        0.9922120677525197,
        1.0480533001159815,
        1.0764603344113595,
        1.0552720799860833,
        1.0604525756053675,
        1.0173793036115082,
        1.0037167428707585,
        1.0601733090907877,
        1.0693953547909383,
        1.0173028191207696,
        0.9963842734393709,
        1.0196710389731718,
        0.9636898854287512,
        0.9964925467401232,
        1.0105728227184858,
        1.0644328342215503,
        1.0197193088597603,
        1.0578231240629878,
        1.0551182499776601,
        0.9465050774531942,
        0.9916588167794009
    ]
}