{
    "nGauss": 3,
    "mean1": {
        "nParams": 3,
        "func": "[0]*TMath::Power(x, [1]) + [2]",
        "p0": 0.13530768955105357,
        "p0_err": [
            null,
            null
        ],
        "p1": 0.931349888717812,
        "p2": 1.4205954325965116
    },
    "sigma1": {
        "nParams": 3,
        "func": "[0]*TMath::Power(x, [1]) + [2]",
        "p0": 0.007743854823768695,
        "p0_err": [
            null,
            null
        ],
        "p1": 1.7238595223191493,
        "p1_err": [
            null,
            null
        ],
        "p2": 13.94255882592526
    },
    "norm1": {
        "nParams": 1,
        "func": "[0]",
        "p0": 0.06407421753155526,
        "p0_err": [
            null,
            null
        ]
    },
    "mean2": {
        "nParams": 3,
        "func": "[0]*TMath::Power(x, [1]) + [2]",
        "p0": 1.6816207203297322,
        "p0_err": [
            null,
            null
        ],
        "p1": 0.44855551094075274,
        "p2": -1.4211208545434535
    },
    "sigma2": {
        "nParams": 3,
        "func": "[0]*TMath::Power(x, [1]) + [2]",
        "p0": 0.10183856535885542,
        "p0_err": [
            null,
            null
        ],
        "p1": 0.9633622767251646,
        "p1_err": [
            null,
            null
        ],
        "p2": 5.404124857013383
    },
    "norm2": {
        "nParams": 1,
        "func": "[0]",
        "p0": 0.38375366629665664,
        "p0_err": [
            null,
            null
        ]
    },
    "mean3": {
        "nParams": 3,
        "func": "[0]*TMath::Power(x, [1]) + [2]",
        "p0": 1.6816207203297322,
        "p0_err": [
            null,
            null
        ],
        "p1": 0.44855551094075274,
        "p2": -1.4211208545434535
    },
    "sigma3": {
        "nParams": 3,
        "func": "[0]*TMath::Power(x, [1]) + [2]",
        "p0": 0.22935420061227088,
        "p0_err": [
            null,
            null
        ],
        "p1": 0.7064109378857943,
        "p1_err": [
            null,
            null
        ],
        "p2": 8.874549487665332
    },
    "nStatVars": 10,
    "stat0_p": {
        "mean1": {
            "p0": 0.13394948863199777
        },
        "sigma1": {
            "p0": 0.007863939832129864,
            "p1": 14.428142589984425
        },
        "norm1": {
            "p0": 0.045264010193983406
        },
        "mean2": {
            "p0": 1.6801105072740738
        },
        "sigma2": {
            "p0": 0.1017554738269332,
            "p1": 5.516488400632333
        },
        "norm2": {
            "p0": 0.41414845334380723
        },
        "mean3": {
            "p0": 1.6801105072740738
        },
        "sigma3": {
            "p0": 0.22925689054193282,
            "p1": 9.096528000258328
        }
    },
    "stat0_m": {
        "mean1": {
            "p0": 0.13666589047010977
        },
        "sigma1": {
            "p0": 0.0076237698154075495,
            "p1": 13.4569750618661
        },
        "norm1": {
            "p0": 0.08288442486912628
        },
        "mean2": {
            "p0": 1.68313093338539
        },
        "sigma2": {
            "p0": 0.10192165689077776,
            "p1": 5.291761313394437
        },
        "norm2": {
            "p0": 0.35335887924950715
        },
        "mean3": {
            "p0": 1.68313093338539
        },
        "sigma3": {
            "p0": 0.22945151068260886,
            "p1": 8.652570975072344
        }
    },
    "stat1_p": {
        "mean1": {
            "p0": 0.13577230177318272
        },
        "sigma1": {
            "p0": 0.0076942589929868705,
            "p1": 14.096180323536483
        },
        "norm1": {
            "p0": 0.06714813773281636
        },
        "mean2": {
            "p0": 1.6817190235632624
        },
        "sigma2": {
            "p0": 0.10204650932334666,
            "p1": 5.211769682218386
        },
        "norm2": {
            "p0": 0.33838268880608846
        },
        "mean3": {
            "p0": 1.6817190235632624
        },
        "sigma3": {
            "p0": 0.23075350624740065,
            "p1": 8.642344152998149
        }
    },
    "stat1_m": {
        "mean1": {
            "p0": 0.13484307732892478
        },
        "sigma1": {
            "p0": 0.007793450654550543,
            "p1": 13.788937328314045
        },
        "norm1": {
            "p0": 0.06100029733029333
        },
        "mean2": {
            "p0": 1.6815224170962018
        },
        "sigma2": {
            "p0": 0.10163062139436432,
            "p1": 5.596480031808383
        },
        "norm2": {
            "p0": 0.4291246437872259
        },
        "mean3": {
            "p0": 1.6815224170962018
        },
        "sigma3": {
            "p0": 0.22795489497714103,
            "p1": 9.106754822332523
        }
    },
    "stat2_p": {
        "mean1": {
            "p0": 0.13558853389176145
        },
        "sigma1": {
            "p0": 0.007685902538329913,
            "p1": 13.952108624343733
        },
        "norm1": {
            "p0": 0.0677690771454198
        },
        "mean2": {
            "p0": 1.6818928528681565
        },
        "sigma2": {
            "p0": 0.10112853411067863,
            "p1": 5.486986576096528
        },
        "norm2": {
            "p0": 0.38809200140578126
        },
        "mean3": {
            "p0": 1.6818928528681565
        },
        "sigma3": {
            "p0": 0.23118198268571352,
            "p1": 8.811438393096193
        }
    },
    "stat2_m": {
        "mean1": {
            "p0": 0.13502684521034605
        },
        "sigma1": {
            "p0": 0.0078018071092075016,
            "p1": 13.933009027506795
        },
        "norm1": {
            "p0": 0.06037935791769
        },
        "mean2": {
            "p0": 1.6813485877913077
        },
        "sigma2": {
            "p0": 0.10254859660703236,
            "p1": 5.3212631379302415
        },
        "norm2": {
            "p0": 0.3794153311875329
        },
        "mean3": {
            "p0": 1.6813485877913077
        },
        "sigma3": {
            "p0": 0.22752641853882816,
            "p1": 8.93766058223448
        }
    },
    "stat3_p": {
        "mean1": {
            "p0": 0.13496702308728628
        },
        "sigma1": {
            "p0": 0.007786461201378381,
            "p1": 13.942428170919136
        },
        "norm1": {
            "p0": 0.06067015002466125
        },
        "mean2": {
            "p0": 1.6813288177024852
        },
        "sigma2": {
            "p0": 0.10148690918476855,
            "p1": 5.405063685478263
        },
        "norm2": {
            "p0": 0.37644804106206375
        },
        "mean3": {
            "p0": 1.6813288177024852
        },
        "sigma3": {
            "p0": 0.22955477123558107,
            "p1": 8.875067813586423
        }
    },
    "stat3_m": {
        "mean1": {
            "p0": 0.1356483560148212
        },
        "sigma1": {
            "p0": 0.007701248446159032,
            "p1": 13.94268948093139
        },
        "norm1": {
            "p0": 0.06747828503844833
        },
        "mean2": {
            "p0": 1.681912622956979
        },
        "sigma2": {
            "p0": 0.10219022153294241,
            "p1": 5.4031860285485065
        },
        "norm2": {
            "p0": 0.3910592915312503
        },
        "mean3": {
            "p0": 1.681912622956979
        },
        "sigma3": {
            "p0": 0.2291536299889606,
            "p1": 8.874031161744249
        }
    },
    "stat4_p": {
        "mean1": {
            "p0": 0.1399667248393078
        },
        "sigma1": {
            "p0": 0.007762187464796025,
            "p1": 13.942575746993738
        },
        "norm1": {
            "p0": 0.06490633308356653
        },
        "mean2": {
            "p0": 1.678037994569655
        },
        "sigma2": {
            "p0": 0.10194267835221713,