{
    "nGauss": 3,
    "mean1": {
        "nParams": 2,
        "func": "[0] + [1]*x",
        "p0": -0.011451678219076125,
        "p0_err": [
            null,
            null
        ],
        "p1": -0.0013437418982054216,
        "p1_err": [
            null,
            null
        ]
    },
    "sigma1": {
        "nParams": 3,
        "func": "[0]*TMath::Power(x, [1]) + [2]",
        "p0": 0.037966206829927365,
        "p0_err": [
            null,
            null
        ],
        "p1": 1.0712544919132305,
        "p1_err": [
            null,
            null
        ],
        "p2": 12.464961011625574
    },
    "norm1": {
        "nParams": 1,
        "func": "[0]",
        "p0": 0.18623947042529332,
        "p0_err": [
            null,
            null
        ]
    },
    "mean2": {
        "nParams": 2,
        "func": "[0] + [1]*x",
        "p0": -0.011451678219076125,
        "p0_err": [
            null,
            null
        ],
        "p1": -0.0013437418982054216,
        "p1_err": [
            null,
            null
        ]
    },
    "sigma2": {
        "nParams": 3,
        "func": "[0]*TMath::Power(x, [1]) + [2]",
        "p0": 0.09199876357653307,
        "p0_err": [
            null,
            null
        ],
        "p1": 0.6865039736844475,
        "p1_err": [
            null,
            null
        ],
        "p2": 4.129412230105826
    },
    "norm2": {
        "nParams": 1,
        "func": "[0]",
        "p0": 0.12535119837750677,
        "p0_err": [
            null,
            null
        ]
    },
    "mean3": {
        "nParams": 2,
        "func": "[0] + [1]*x",
        "p0": -0.011451678219076125,
        "p0_err": [
            null,
            null
        ],
        "p1": -0.0013437418982054216,
        "p1_err": [
            null,
            null
        ]
    },
    "sigma3": {
        "nParams": 3,
        "func": "[0]*TMath::Power(x, [1]) + [2]",
        "p0": 0.13351878860013647,
        "p0_err": [
            null,
            null
        ],
        "p1": 0.7075294126709831,
        "p1_err": [
            null,
            null
        ],
        "p2": 7.607510953401109
    },
    "nStatVars": 10,
    "stat0_p": {
        "mean1": {
            "p0": -0.011897456908542612,
            "p1": -0.0013165802264090165
        },
        "sigma1": {
            "p0": 0.03771992818132251,
            "p1": 12.151007652118237
        },
        "norm1": {
            "p0": 0.21822247469711148
        },
        "mean2": {
            "p0": -0.011897456908542612,
            "p1": -0.0013165802264090165
        },
        "sigma2": {
            "p0": 0.09089516295483592,
            "p1": 3.800286534499289
        },
        "norm2": {
            "p0": 0.0916909016650301
        },
        "mean3": {
            "p0": -0.011897456908542612,
            "p1": -0.0013165802264090165
        },
        "sigma3": {
            "p0": 0.1330594297927748,
            "p1": 7.362818485049042
        }
    },
    "stat0_m": {
        "mean1": {
            "p0": -0.011005899529609633,
            "p1": -0.0013709035700018306
        },
        "sigma1": {
            "p0": 0.03821248547853222,
            "p1": 12.778914371132911
        },
        "norm1": {
            "p0": 0.15425646615347458
        },
        "mean2": {
            "p0": -0.011005899529609633,
            "p1": -0.0013709035700018306
        },
        "sigma2": {
            "p0": 0.09310236419823037,
            "p1": 4.458537925712363
        },
        "norm2": {
            "p0": 0.159011495089984
        },
        "mean3": {
            "p0": -0.011005899529609633,
            "p1": -0.0013709035700018306
        },
        "sigma3": {
            "p0": 0.13397814740749803,
            "p1": 7.852203421753174
        }
    },
    "stat1_p": {
        "mean1": {
            "p0": -0.01168212149366373,
            "p1": -0.001338561838525974
        },
        "sigma1": {
            "p0": 0.038074091320774286,
            "p1": 12.648260069628963
        },
        "norm1": {
            "p0": 0.17265167988241217
        },
        "mean2": {
            "p0": -0.01168212149366373,
            "p1": -0.001338561838525974
        },
        "sigma2": {
            "p0": 0.09347440939409257,
            "p1": 3.9345337068851425
        },
        "norm2": {
            "p0": 0.11587153155811022
        },
        "mean3": {
            "p0": -0.01168212149366373,
            "p1": -0.001338561838525974
        },
        "sigma3": {
            "p0": 0.1332361338534316,
            "p1": 7.633973811664193
        }
    },
    "stat1_m": {
        "mean1": {
            "p0": -0.011221234944488517,
            "p1": -0.001348921957884873
        },
        "sigma1": {
            "p0": 0.037858322339080444,
            "p1": 12.281661953622182
        },
        "norm1": {
            "p0": 0.19982726096817366
        },
        "mean2": {
            "p0": -0.011221234944488517,
            "p1": -0.001348921957884873
        },
        "sigma2": {
            "p0": 0.09052311775897373,
            "p1": 4.32429075332651
        },
        "norm2": {
            "p0": 0.134830865196904
        },
        "mean3": {
            "p0": -0.011221234944488517,
            "p1": -0.001348921957884873
        },
        "sigma3": {
            "p0": 0.13380144334684121,
            "p1": 7.581048095138023
        }
    },
    "stat2_p": {
        "mean1": {
            "p0": -0.011517693677879916,
            "p1": -0.0013226717959775054
        },
        "sigma1": {
            "p0": 0.03749622207134386,
            "p1": 12.50715988797476
        },
        "norm1": {
            "p0": 0.19057447733307126
        },
        "mean2": {
            "p0": -0.011517693677879916,
            "p1": -0.0013226717959775054
        },
        "sigma2": {
            "p0": 0.08823870502574256,
            "p1": 4.157006761247127
        },
        "norm2": {
            "p0": 0.11719887235960288
        },
        "mean3": {
            "p0": -0.011517693677879916,
            "p1": -0.0013226717959775054
        },
        "sigma3": {
            "p0": 0.1346365686420418,
            "p1": 7.517954825025317
        }
    },
    "stat2_m": {
        "mean1": {
            "p0": -0.01138566276027233,
            "p1": -0.0013648120004333417
        },
        "sigma1": {
            "p0": 0.038436191588510873,
            "p1": 12.422762135276386
        },
        "norm1": {
            "p0": 0.1819044635175146
        },
        "mean2": {
            "p0": -0.01138566276027233,
            "p1": -0.0013648120004333417
        },
        "sigma2": {
            "p0": 0.09575882212732373,
            "p1": 4.101817698964526
        },
        "norm2": {
            "p0": 0.13350352439541155
        },
        "mean3": {
            "p0": -0.01138566276027233,
            "p1": -0.0013648120004333417
        },
        "sigma3": {
            "p0": 0.13240100855823103,
            "p1": 7.697067081776899
        }
    },
    "stat3_p": {
        "mean1": {
            "p0": 0.023653554039233127,
            "p1": -0.002490331633889865
        },
        "sigma1": {
            "p0": 0.03797359942647503,
            "p1": 12.464972883536516
        },
        "norm1": {
            "p0": 0.18623785157846057
        },
        "mean2": {
            "p0": 0.023653554039233127,
            "p1": -0.002490331633889865
        },
        "sigma2": {
            "p0": 0.09205215350992818,
            "p1": 4.129378089440379
        },
        "norm2": {
            "p0": 0.12534697809333314
        },
        "mean3": {
            "p0": 0.023653554039233127,
            "p1": -0.002490331633889865
        },
        "sigma3": {
            "p0": 0.13350314164984625,
            "p1": 7.607477710704081
        }
    },
    "stat3_m": {
        "mean1": {
            "p0": -0.04655691047738538,