{
    "nGauss": 3,
    "mean1": {
        "nParams": 2,
        "func": "[0] + [1]*x",
        "p0": -0.011452377309192985,
        "p0_err": [
            null,
            null
        ],
        "p1": -0.0013434955555992369,
        "p1_err": [
            null,
            null
        ]
    },
    "sigma1": {
        "nParams": 3,
        "func": "[0]*TMath::Power(x, [1]) + [2]",
        "p0": 0.03783495091586345,
        "p0_err": [
            null,
            null
        ],
        "p1": 1.0675509750420031,
        "p1_err": [
            null,
            null
        ],
        "p2": 12.435118075579087
    },
    "norm1": {
        "nParams": 1,
        "func": "[0]",
        "p0": 0.18916054070629393,
        "p0_err": [
            null,
            null
        ]
    },
    "mean2": {
        "nParams": 2,
        "func": "[0] + [1]*x",
        "p0": -0.011452377309192985,
        "p0_err": [
            null,
            null
        ],
        "p1": -0.0013434955555992369,
        "p1_err": [
            null,
            null
        ]
    },
    "sigma2": {
        "nParams": 3,
        "func": "[0]*TMath::Power(x, [1]) + [2]",
        "p0": 0.09175962905138935,
        "p0_err": [
            null,
            null
        ],
        "p1": 0.6847195279443725,
        "p1_err": [
            null,
            null
        ],
        "p2": 4.11979564668335
    },
    "norm2": {
        "nParams": 1,
        "func": "[0]",
        "p0": 0.12385399282701734,
        "p0_err": [
            null,
            null
        ]
    },
    "mean3": {
        "nParams": 2,
        "func": "[0] + [1]*x",
        "p0": -0.011452377309192985,
        "p0_err": [
            null,
            null
        ],
        "p1": -0.0013434955555992369,
        "p1_err": [
            null,
            null
        ]
    },
    "sigma3": {
        "nParams": 3,
        "func": "[0]*TMath::Power(x, [1]) + [2]",
        "p0": 0.13354073607857572,
        "p0_err": [
            null,
            null
        ],
        "p1": 0.7076457145539806,
        "p1_err": [
            null,
            null
        ],
        "p2": 7.590202929407268
    },
    "nStatVars": 10,
    "stat0_p": {
        "mean1": {
            "p0": -0.011882935842751711,
            "p1": -0.001317275115085398
        },
        "sigma1": {
            "p0": 0.037617254474190495,
            "p1": 12.126842791726261
        },
        "norm1": {
            "p0": 0.2210222655316398
        },
        "mean2": {
            "p0": -0.011882935842751711,
            "p1": -0.001317275115085398
        },
        "sigma2": {
            "p0": 0.09069485594089212,
            "p1": 3.789605543223376
        },
        "norm2": {
            "p0": 0.0905614848743323
        },
        "mean3": {
            "p0": -0.011882935842751711,
            "p1": -0.001317275115085398
        },
        "sigma3": {
            "p0": 0.13306598717793444,
            "p1": 7.347863863195692
        }
    },
    "stat0_m": {
        "mean1": {
            "p0": -0.011021818775634256,
            "p1": -0.0013697159961130767
        },
        "sigma1": {
            "p0": 0.038052647357536426,
            "p1": 12.743393359431908
        },
        "norm1": {
            "p0": 0.15729881588094757
        },
        "mean2": {
            "p0": -0.011021818775634256,
            "p1": -0.0013697159961130767
        },
        "sigma2": {
            "p0": 0.09282440216188671,
            "p1": 4.449985750143316
        },
        "norm2": {
            "p0": 0.15714650077970166
        },
        "mean3": {
            "p0": -0.011021818775634256,
            "p1": -0.0013697159961130767
        },
        "sigma3": {
            "p0": 0.13401548497921703,
            "p1": 7.832541995618841
        }
    },
    "stat1_p": {
        "mean1": {
            "p0": -0.011681062043365966,
            "p1": -0.001338560664836439
        },
        "sigma1": {
            "p0": 0.037941086529673276,
            "p1": 12.619470038824272
        },
        "norm1": {
            "p0": 0.17514718550539804
        },
        "mean2": {
            "p0": -0.011681062043365966,
            "p1": -0.001338560664836439
        },
        "sigma2": {
            "p0": 0.09330284617411079,
            "p1": 3.925679813562956
        },
        "norm2": {
            "p0": 0.11471171036139532
        },
        "mean3": {
            "p0": -0.011681062043365966,
            "p1": -0.001338560664836439
        },
        "sigma3": {
            "p0": 0.13324657543000515,
            "p1": 7.619585006103689
        }
    },
    "stat1_m": {
        "mean1": {
            "p0": -0.01122369257502,
            "p1": -0.0013484304463620353
        },
        "sigma1": {
            "p0": 0.037728815302053645,
            "p1": 12.250766112333901
        },
        "norm1": {
            "p0": 0.20317389590718934
        },
        "mean2": {
            "p0": -0.01122369257502,
            "p1": -0.0013484304463620353
        },
        "sigma2": {
            "p0": 0.09021641192866804,
            "p1": 4.313911479803735
        },
        "norm2": {
            "p0": 0.13299627529263874
        },
        "mean3": {
            "p0": -0.01122369257502,
            "p1": -0.0013484304463620353
        },
        "sigma3": {
            "p0": 0.13383489672714632,
            "p1": 7.560820852710844
        }
    },
    "stat2_p": {
        "mean1": {
            "p0": -0.011516588137236479,
            "p1": -0.0013225677254210164
        },
        "sigma1": {
            "p0": 0.03736454814365532,
            "p1": 12.477827353401048
        },
        "norm1": {
            "p0": 0.19345569041589458
        },
        "mean2": {
            "p0": -0.011516588137236479,
            "p1": -0.0013225677254210164
        },
        "sigma2": {
            "p0": 0.08795810265891107,
            "p1": 4.146852469631476
        },
        "norm2": {
            "p0": 0.11569676615597274
        },
        "mean3": {
            "p0": -0.011516588137236479,
            "p1": -0.0013225677254210164
        },
        "sigma3": {
            "p0": 0.13465877638212967,
            "p1": 7.500708332995685
        }
    },
    "stat2_m": {
        "mean1": {
            "p0": -0.011388166481149486,
            "p1": -0.0013644233857774582
        },
        "sigma1": {
            "p0": 0.0383053536880716,
            "p1": 12.392408797757122
        },
        "norm1": {
            "p0": 0.1848653909966926
        },
        "mean2": {
            "p0": -0.011388166481149486,
            "p1": -0.0013644233857774582
        },
        "sigma2": {
            "p0": 0.09556115544386774,
            "p1": 4.092738823735216
        },
        "norm2": {
            "p0": 0.13201121949806122
        },
        "mean3": {
            "p0": -0.011388166481149486,
            "p1": -0.0013644233857774582
        },
        "sigma3": {
            "p0": 0.13242269577502183,
            "p1": 7.679697525818849
        }
    },
    "stat3_p": {
        "mean1": {
            "p0": 0.023669344762033192,
            "p1": -0.0024911991668884197
        },
        "sigma1": {
            "p0": 0.037842184209397375,
            "p1": 12.435130464542517
        },
        "norm1": {
            "p0": 0.1891596317766515
        },
        "mean2": {
            "p0": 0.023669344762033192,
            "p1": -0.0024911991668884197
        },
        "sigma2": {
            "p0": 0.09181493472410691,
            "p1": 4.119761838762685
        },
        "norm2": {
            "p0": 0.1238506516627022
        },
        "mean3": {
            "p0": 0.023669344762033192,
            "p1": -0.0024911991668884197
        },
        "sigma3": {
            "p0": 0.1335249955192322,
            "p1": 7.590170830022163
        }
    },
    "stat3_m": {
        "mean1": {
            "p0": -0.04657409938041917,