{
    "nGauss": 3,
    "mean1": {
        "nParams": 3,
        "func": "[0]*TMath::Power(x, [1]) + [2]",
        "p0": 0.1367120055768846,
        "p0_err": [
            null,
            null
        ],
        "p1": 0.9410160767868121,
        "p2": 1.4353393465517115
    },
    "sigma1": {
        "nParams": 3,
        "func": "[0]*TMath::Power(x, [1]) + [2]",
        "p0": 0.0078078613211469,
        "p0_err": [
            null,
            null
        ],
        "p1": 1.7381080087005114,
        "p1_err": [
            null,
            null
        ],
        "p2": 13.993525950262157
    },
    "norm1": {
        "nParams": 1,
        "func": "[0]",
        "p0": 0.061884558413982285,
        "p0_err": [
            null,
            null
        ]
    },
    "mean2": {
        "nParams": 3,
        "func": "[0]*TMath::Power(x, [1]) + [2]",
        "p0": 1.6808426025061032,
        "p0_err": [
            null,
            null
        ],
        "p1": 0.44834795579247794,
        "p2": -1.4204632749518828
    },
    "sigma2": {
        "nParams": 3,
        "func": "[0]*TMath::Power(x, [1]) + [2]",
        "p0": 0.10186842257531521,
        "p0_err": [
            null,
            null
        ],
        "p1": 0.9636447170357093,
        "p1_err": [
            null,
            null
        ],
        "p2": 5.413047753163552
    },
    "norm2": {
        "nParams": 1,
        "func": "[0]",
        "p0": 0.3864697112226074,
        "p0_err": [
            null,
            null
        ]
    },
    "mean3": {
        "nParams": 3,
        "func": "[0]*TMath::Power(x, [1]) + [2]",
        "p0": 1.6808426025061032,
        "p0_err": [
            null,
            null
        ],
        "p1": 0.44834795579247794,
        "p2": -1.4204632749518828
    },
    "sigma3": {
        "nParams": 3,
        "func": "[0]*TMath::Power(x, [1]) + [2]",
        "p0": 0.22932653808321105,
        "p0_err": [
            null,
            null
        ],
        "p1": 0.70632573729629,
        "p1_err": [
            null,
            null
        ],
        "p2": 8.898154664149915
    },
    "nStatVars": 10,
    "stat0_p": {
        "mean1": {
            "p0": 0.13584494897405516
        },
        "sigma1": {
            "p0": 0.007915731165941166,
            "p1": 14.46966112821323
        },
        "norm1": {
            "p0": 0.044988727796413885
        },
        "mean2": {
            "p0": 1.6795405865529434
        },
        "sigma2": {
            "p0": 0.1017565629875373,
            "p1": 5.511199633301439
        },
        "norm2": {
            "p0": 0.412812326792165
        },
        "mean3": {
            "p0": 1.6795405865529434
        },
        "sigma3": {
            "p0": 0.2295226752508546,
            "p1": 9.089986651011348
        }
    },
    "stat0_m": {
        "mean1": {
            "p0": 0.1375790621797144
        },
        "sigma1": {
            "p0": 0.007699991476352636,
            "p1": 13.517390772311083
        },
        "norm1": {
            "p0": 0.07878038903154999
        },
        "mean2": {
            "p0": 1.6821446184592639
        },
        "sigma2": {
            "p0": 0.10198028216309316,
            "p1": 5.314895873025659
        },
        "norm2": {
            "p0": 0.36012709565304957
        },
        "mean3": {
            "p0": 1.6821446184592639
        },
        "sigma3": {
            "p0": 0.22913040091556797,
            "p1": 8.706322677288485
        }
    },
    "stat1_p": {
        "mean1": {
            "p0": 0.13709025844697562
        },
        "sigma1": {
            "p0": 0.007755770884749446,
            "p1": 14.131514173257466
        },
        "norm1": {
            "p0": 0.06543822678148287
        },
        "mean2": {
            "p0": 1.6809973726748186
        },
        "sigma2": {
            "p0": 0.10208210415824442,
            "p1": 5.21897310842641
        },
        "norm2": {
            "p0": 0.3405749150043713
        },
        "mean3": {
            "p0": 1.6809973726748186
        },
        "sigma3": {
            "p0": 0.23068624071994778,
            "p1": 8.661578204090823
        }
    },
    "stat1_m": {
        "mean1": {
            "p0": 0.136333752706794
        },
        "sigma1": {
            "p0": 0.007859951757544354,
            "p1": 13.855537727266848
        },
        "norm1": {
            "p0": 0.05833089004648079
        },
        "mean2": {
            "p0": 1.6806878323373886
        },
        "sigma2": {
            "p0": 0.10165474099238603,
            "p1": 5.607122397900687
        },
        "norm2": {
            "p0": 0.43236450744084304
        },
        "mean3": {
            "p0": 1.6806878323373886
        },
        "sigma3": {
            "p0": 0.22796683544647478,
            "p1": 9.134731124209008
        }
    },
    "stat2_p": {
        "mean1": {
            "p0": 0.13690665989223683
        },
        "sigma1": {
            "p0": 0.00775349493701738,
            "p1": 14.001860979771234
        },
        "norm1": {
            "p0": 0.06542199205786364
        },
        "mean2": {
            "p0": 1.6810898408954762
        },
        "sigma2": {
            "p0": 0.10117071552645329,
            "p1": 5.4942540828655035
        },
        "norm2": {
            "p0": 0.39058274270366544
        },
        "mean3": {
            "p0": 1.6810898408954762
        },
        "sigma3": {
            "p0": 0.23110425146270075,
            "p1": 8.835664225546692
        }
    },
    "stat2_m": {
        "mean1": {
            "p0": 0.13651735126153278
        },
        "sigma1": {
            "p0": 0.00786222770527642,
            "p1": 13.985190920753082
        },
        "norm1": {
            "p0": 0.05834712477010001
        },
        "mean2": {
            "p0": 1.6805953641167313
        },
        "sigma2": {
            "p0": 0.10256612962417719,
            "p1": 5.3318414234615945
        },
        "norm2": {
            "p0": 0.38235667974154897
        },
        "mean3": {
            "p0": 1.6805953641167313
        },
        "sigma3": {
            "p0": 0.22754882470372184,
            "p1": 8.960645102753139
        }
    },
    "stat3_p": {
        "mean1": {
            "p0": 0.13649858115308797
        },
        "sigma1": {
            "p0": 0.007848426590664434,
            "p1": 13.993406317005833
        },
        "norm1": {
            "p0": 0.05863944034889529
        },
        "mean2": {
            "p0": 1.6805491116533664
        },
        "sigma2": {
            "p0": 0.10152135796926909,
            "p1": 5.4139718809062405
        },
        "norm2": {
            "p0": 0.3792135259417424
        },
        "mean3": {
            "p0": 1.6805491116533664
        },
        "sigma3": {
            "p0": 0.22952532162226455,
            "p1": 8.89868598999539
        }
    },
    "stat3_m": {
        "mean1": {
            "p0": 0.13692543000068164
        },
        "sigma1": {
            "p0": 0.007767296051629366,
            "p1": 13.99364558351848
        },
        "norm1": {
            "p0": 0.06512967647906859
        },
        "mean2": {
            "p0": 1.6811360933588408
        },
        "sigma2": {
            "p0": 0.10221548718136139,
            "p1": 5.412123625420858
        },
        "norm2": {
            "p0": 0.393725896503472
        },
        "mean3": {
            "p0": 1.6811360933588408
        },
        "sigma3": {
            "p0": 0.229127754544158,
            "p1": 8.897623338304443
        }
    },
    "stat4_p": {
        "mean1": {
            "p0": 0.1412052317107995
        },
        "sigma1": {
            "p0": 0.007822877074083467,
            "p1": 13.99353772323425
        },
        "norm1": {
            "p0": 0.06254582397336622
        },
        "mean2": {
            "p0": 1.6772654615323856
        },
        "sigma2": {
            "p0": 0.10195652412810788,