{
    "nGauss": 3,
    "mean1": {
        "nParams": 3,
        "func": "[0]*TMath::Power(x, [1]) + [2]",
        "p0": 0.1353223062641316,
        "p0_err": [
            null,
            null
        ],
        "p1": 0.9314504984772708,
        "p2": 1.4207488934671177
    },
    "sigma1": {
        "nParams": 3,
        "func": "[0]*TMath::Power(x, [1]) + [2]",
        "p0": 0.007664013640693224,
        "p0_err": [
            null,
            null
        ],
        "p1": 1.7060860765547188,
        "p1_err": [
            null,
            null
        ],
        "p2": 13.873503245311394
    },
    "norm1": {
        "nParams": 1,
        "func": "[0]",
        "p0": 0.06725606729077327,
        "p0_err": [
            null,
            null
        ]
    },
    "mean2": {
        "nParams": 3,
        "func": "[0]*TMath::Power(x, [1]) + [2]",
        "p0": 1.6820250782466575,
        "p0_err": [
            null,
            null
        ],
        "p1": 0.44866336937151335,
        "p2": -1.4214625733754678
    },
    "sigma2": {
        "nParams": 3,
        "func": "[0]*TMath::Power(x, [1]) + [2]",
        "p0": 0.10169511098458454,
        "p0_err": [
            null,
            null
        ],
        "p1": 0.9620052413808744,
        "p1_err": [
            null,
            null
        ],
        "p2": 5.393170620910236
    },
    "norm2": {
        "nParams": 1,
        "func": "[0]",
        "p0": 0.37953616716869576,
        "p0_err": [
            null,
            null
        ]
    },
    "mean3": {
        "nParams": 3,
        "func": "[0]*TMath::Power(x, [1]) + [2]",
        "p0": 1.6820250782466575,
        "p0_err": [
            null,
            null
        ],
        "p1": 0.44866336937151335,
        "p2": -1.4214625733754678
    },
    "sigma3": {
        "nParams": 3,
        "func": "[0]*TMath::Power(x, [1]) + [2]",
        "p0": 0.22985018391442522,
        "p0_err": [
            null,
            null
        ],
        "p1": 0.7079385664564297,
        "p1_err": [
            null,
            null
        ],
        "p2": 8.836759738653715
    },
    "nStatVars": 10,
    "stat0_p": {
        "mean1": {
            "p0": 0.1338248672001202
        },
        "sigma1": {
            "p0": 0.007794214070628101,
            "p1": 14.363666574746206
        },
        "norm1": {
            "p0": 0.04628284513630796
        },
        "mean2": {
            "p0": 1.6803577658075866
        },
        "sigma2": {
            "p0": 0.10165580001520849,
            "p1": 5.520244297261054
        },
        "norm2": {
            "p0": 0.41413027445606754
        },
        "mean3": {
            "p0": 1.6803577658075866
        },
        "sigma3": {
            "p0": 0.2294052962280398,
            "p1": 9.0905399754482
        }
    },
    "stat0_m": {
        "mean1": {
            "p0": 0.13681974532814323
        },
        "sigma1": {
            "p0": 0.007533813210758328,
            "p1": 13.383339915876583
        },
        "norm1": {
            "p0": 0.0882292894452382
        },
        "mean2": {
            "p0": 1.6836923906857286
        },
        "sigma2": {
            "p0": 0.10173442195396079,
            "p1": 5.266096944559416
        },
        "norm2": {
            "p0": 0.34494205988132487
        },
        "mean3": {
            "p0": 1.6836923906857286
        },
        "sigma3": {
            "p0": 0.23029507160081097,
            "p1": 8.58297950185923
        }
    },
    "stat1_p": {
        "mean1": {
            "p0": 0.13574404040683732
        },
        "sigma1": {
            "p0": 0.0076184048171372525,
            "p1": 14.042649920448634
        },
        "norm1": {
            "p0": 0.0697003454307252
        },
        "mean2": {
            "p0": 1.6820569772940468
        },
        "sigma2": {
            "p0": 0.10189425318137474,
            "p1": 5.202860901792801
        },
        "norm2": {
            "p0": 0.3348939136676756
        },
        "mean3": {
            "p0": 1.6820569772940468
        },
        "sigma3": {
            "p0": 0.2312085951124886,
            "p1": 8.611646796816634
        }
    },
    "stat1_m": {
        "mean1": {
            "p0": 0.13490057212142612
        },
        "sigma1": {
            "p0": 0.007709622464249177,
            "p1": 13.704356570174157
        },
        "norm1": {
            "p0": 0.06481178915082073
        },
        "mean2": {
            "p0": 1.6819931791992684
        },
        "sigma2": {
            "p0": 0.10149596878779454,
            "p1": 5.583480340027669
        },
        "norm2": {
            "p0": 0.42417842066971656
        },
        "mean3": {
            "p0": 1.6819931791992684
        },
        "sigma3": {
            "p0": 0.22849177271636212,
            "p1": 9.061872680490795
        }
    },
    "stat2_p": {
        "mean1": {
            "p0": 0.1356005239779657
        },
        "sigma1": {
            "p0": 0.0076013947670247346,
            "p1": 13.884579436863328
        },
        "norm1": {
            "p0": 0.07114921607463529
        },
        "mean2": {
            "p0": 1.6823180980931876
        },
        "sigma2": {
            "p0": 0.10097530388235648,
            "p1": 5.477767748145265
        },
        "norm2": {
            "p0": 0.3840881478861866
        },
        "mean3": {
            "p0": 1.6823180980931876
        },
        "sigma3": {
            "p0": 0.231721552072837,
            "p1": 8.772714904586799
        }
    },
    "stat2_m": {
        "mean1": {
            "p0": 0.13504408855029773
        },
        "sigma1": {
            "p0": 0.0077266325143616945,
            "p1": 13.862427053759461
        },
        "norm1": {
            "p0": 0.06336291850691075
        },
        "mean2": {
            "p0": 1.6817320584001276
        },
        "sigma2": {
            "p0": 0.1024149180868128,
            "p1": 5.308573493675204
        },
        "norm2": {
            "p0": 0.3749841864512058
        },
        "mean3": {
            "p0": 1.6817320584001276
        },
        "sigma3": {
            "p0": 0.2279788157560137,
            "p1": 8.900804572720633
        }
    },
    "stat3_p": {
        "mean1": {
            "p0": 0.13563457739210685
        },
        "sigma1": {
            "p0": 0.007618854926375908,
            "p1": 13.873647175060126
        },
        "norm1": {
            "p0": 0.07080597043924627
        },
        "mean2": {
            "p0": 1.6823462403400968
        },
        "sigma2": {
            "p0": 0.10204920524502409,
            "p1": 5.392209495424772
        },
        "norm2": {
            "p0": 0.38693735413538355
        },
        "mean3": {
            "p0": 1.6823462403400968
        },
        "sigma3": {
            "p0": 0.22969436283078082,
            "p1": 8.836251242306286
        }
    },
    "stat3_m": {
        "mean1": {
            "p0": 0.1350100351361566
        },
        "sigma1": {
            "p0": 0.007709172355010521,
            "p1": 13.873359315562665
        },
        "norm1": {
            "p0": 0.06370616414229988
        },
        "mean2": {
            "p0": 1.6817039161532181
        },
        "sigma2": {
            "p0": 0.1013410167241452,
            "p1": 5.394131746395698
        },
        "norm2": {
            "p0": 0.37213498020200864
        },
        "mean3": {
            "p0": 1.6817039161532181
        },
        "sigma3": {
            "p0": 0.23000600499806995,
            "p1": 8.837268235001146
        }
    },
    "stat4_p": {
        "mean1": {
            "p0": 0.13079292552420768
        },
        "sigma1": {
            "p0": 0.00764304937908326,
            "p1": 13.873485332586515
        },
        "norm1": {
            "p0": 0.06638870999642718
        },
        "mean2": {
            "p0": 1.6857858937893553
        },
        "sigma2": {
            "p0": 0.10158565850682133,