{
    "nGauss": 3,
    "mean1": {
        "nParams": 2,
        "func": "[0] + [1]*x",
        "p0": -0.011297373445083149,
        "p0_err": [
            null,
            null
        ],
        "p1": -0.0013582112852558131,
        "p1_err": [
            null,
            null
        ]
    },
    "sigma1": {
        "nParams": 3,
        "func": "[0]*TMath::Power(x, [1]) + [2]",
        "p0": 0.03867002946736496,
        "p0_err": [
            null,
            null
        ],
        "p1": 1.0911135514511698,
        "p1_err": [
            null,
            null
        ],
        "p2": 12.584684279614217
    },
    "norm1": {
        "nParams": 1,
        "func": "[0]",
        "p0": 0.17282952415889882,
        "p0_err": [
            null,
            null
        ]
    },
    "mean2": {
        "nParams": 2,
        "func": "[0] + [1]*x",
        "p0": -0.011297373445083149,
        "p0_err": [
            null,
            null
        ],
        "p1": -0.0013582112852558131,
        "p1_err": [
            null,
            null
        ]
    },
    "sigma2": {
        "nParams": 3,
        "func": "[0]*TMath::Power(x, [1]) + [2]",
        "p0": 0.09314354865688586,
        "p0_err": [
            null,
            null
        ],
        "p1": 0.695046474432548,
        "p1_err": [
            null,
            null
        ],
        "p2": 4.181860482161466
    },
    "norm2": {
        "nParams": 1,
        "func": "[0]",
        "p0": 0.13365478638622694,
        "p0_err": [
            null,
            null
        ]
    },
    "mean3": {
        "nParams": 2,
        "func": "[0] + [1]*x",
        "p0": -0.011297373445083149,
        "p0_err": [
            null,
            null
        ],
        "p1": -0.0013582112852558131,
        "p1_err": [
            null,
            null
        ]
    },
    "sigma3": {
        "nParams": 3,
        "func": "[0]*TMath::Power(x, [1]) + [2]",
        "p0": 0.1331449635492525,
        "p0_err": [
            null,
            null
        ],
        "p1": 0.705548476343844,
        "p1_err": [
            null,
            null
        ],
        "p2": 7.696607977268248
    },
    "nStatVars": 10,
    "stat0_p": {
        "mean1": {
            "p0": -0.011841936894584145,
            "p1": -0.0013241770484570532
        },
        "sigma1": {
            "p0": 0.03823603285520759,
            "p1": 12.233878440380185
        },
        "norm1": {
            "p0": 0.2065721552847288
        },
        "mean2": {
            "p0": -0.011841936894584145,
            "p1": -0.0013241770484570532
        },
        "sigma2": {
            "p0": 0.09180743225434755,
            "p1": 3.851920384228427
        },
        "norm2": {
            "p0": 0.09713363516353611
        },
        "mean3": {
            "p0": -0.011841936894584145,
            "p1": -0.0013241770484570532
        },
        "sigma3": {
            "p0": 0.13276929343221128,
            "p1": 7.431475574263693
        }
    },
    "stat0_m": {
        "mean1": {
            "p0": -0.01075280999558215,
            "p1": -0.0013922455220545795
        },
        "sigma1": {
            "p0": 0.03910402607952228,
            "p1": 12.935490118848255
        },
        "norm1": {
            "p0": 0.1390868930330684
        },
        "mean2": {
            "p0": -0.01075280999558215,
            "p1": -0.0013922455220545795
        },
        "sigma2": {
            "p0": 0.09447966505942403,
            "p1": 4.511800580094508
        },
        "norm2": {
            "p0": 0.17017593760891755
        },
        "mean3": {
            "p0": -0.01075280999558215,
            "p1": -0.0013922455220545795
        },
        "sigma3": {
            "p0": 0.13352063366629383,
            "p1": 7.961740380272801
        }
    },
    "stat1_p": {
        "mean1": {
            "p0": -0.01153900261918378,
            "p1": -0.0013520424304503686
        },
        "sigma1": {
            "p0": 0.038789131061792756,
            "p1": 12.763320772803553
        },
        "norm1": {
            "p0": 0.16111011634692415
        },
        "mean2": {
            "p0": -0.01153900261918378,
            "p1": -0.0013520424304503686
        },
        "sigma2": {
            "p0": 0.09429557300182362,
            "p1": 3.982535669975331
        },
        "norm2": {
            "p0": 0.12228512693355185
        },
        "mean3": {
            "p0": -0.01153900261918378,
            "p1": -0.0013520424304503686
        },
        "sigma3": {
            "p0": 0.13292372100514013,
            "p1": 7.708364128091096
        }
    },
    "stat1_m": {
        "mean1": {
            "p0": -0.011055744270982513,
            "p1": -0.0013643801400612643
        },
        "sigma1": {
            "p0": 0.03855092787293711,
            "p1": 12.406047786424883
        },
        "norm1": {
            "p0": 0.18454893197087305
        },
        "mean2": {
            "p0": -0.011055744270982513,
            "p1": -0.0013643801400612643
        },
        "sigma2": {
            "p0": 0.09199152431194797,
            "p1": 4.381185294347605
        },
        "norm2": {
            "p0": 0.1450244458389016
        },
        "mean3": {
            "p0": -0.011055744270982513,
            "p1": -0.0013643801400612643
        },
        "sigma3": {
            "p0": 0.13336620609336497,
            "p1": 7.684851826445398
        }
    },
    "stat2_p": {
        "mean1": {
            "p0": -0.011377769514396178,
            "p1": -0.0013359519712362361
        },
        "sigma1": {
            "p0": 0.03819727690569942,
            "p1": 12.625056089170657
        },
        "norm1": {
            "p0": 0.17736472827507518
        },
        "mean2": {
            "p0": -0.011377769514396178,
            "p1": -0.0013359519712362361
        },
        "sigma2": {
            "p0": 0.0895632852915723,
            "p1": 4.2128886505394485
        },
        "norm2": {
            "p0": 0.12554821262072655
        },
        "mean3": {
            "p0": -0.011377769514396178,
            "p1": -0.0013359519712362361
        },
        "sigma3": {
            "p0": 0.13428603677088277,
            "p1": 7.606289301180442
        }
    },
    "stat2_m": {
        "mean1": {
            "p0": -0.011216977375770116,
            "p1": -0.0013804705992753966
        },
        "sigma1": {
            "p0": 0.03914278202903047,
            "p1": 12.54431247005778
        },
        "norm1": {
            "p0": 0.16829432004272224
        },
        "mean2": {
            "p0": -0.011216977375770116,
            "p1": -0.0013804705992753966
        },
        "sigma2": {
            "p0": 0.09672381202219928,
            "p1": 4.150832313783485
        },
        "norm2": {
            "p0": 0.1417613601517271
        },
        "mean3": {
            "p0": -0.011216977375770116,
            "p1": -0.0013804705992753966
        },
        "sigma3": {
            "p0": 0.13200389032762233,
            "p1": 7.786926653356053
        }
    },
    "stat3_p": {
        "mean1": {
            "p0": 0.023810360167628494,
            "p1": -0.0025047704817604457
        },
        "sigma1": {
            "p0": 0.03867832982088608,
            "p1": 12.584693909431664
        },
        "norm1": {
            "p0": 0.17282403016532963
        },
        "mean2": {
            "p0": 0.023810360167628494,
            "p1": -0.0025047704817604457
        },
        "sigma2": {
            "p0": 0.09318841981910585,
            "p1": 4.181825256618376
        },
        "norm2": {
            "p0": 0.1336453374826909
        },
        "mean3": {
            "p0": 0.023810360167628494,
            "p1": -0.0025047704817604457
        },
        "sigma3": {
            "p0": 0.13312938987831366,
            "p1": 7.696567200322313
        }
    },
    "stat3_m": {
        "mean1": {
            "p0": -0.046405107057794784,