{
    "nGauss": 3,
    "mean1": {
        "nParams": 2,
        "func": "[0] + [1]*x",
        "p0": -0.011459413412116747,
        "p0_err": [
            null,
            null
        ],
        "p1": -0.001340786939218144,
        "p1_err": [
            null,
            null
        ]
    },
    "sigma1": {
        "nParams": 3,
        "func": "[0]*TMath::Power(x, [1]) + [2]",
        "p0": 0.0372820274833983,
        "p0_err": [
            null,
            null
        ],
        "p1": 1.0519496874715666,
        "p1_err": [
            null,
            null
        ],
        "p2": 12.365818916646356
    },
    "norm1": {
        "nParams": 1,
        "func": "[0]",
        "p0": 0.19773750705798512,
        "p0_err": [
            null,
            null
        ]
    },
    "mean2": {
        "nParams": 2,
        "func": "[0] + [1]*x",
        "p0": -0.011459413412116747,
        "p0_err": [
            null,
            null
        ],
        "p1": -0.001340786939218144,
        "p1_err": [
            null,
            null
        ]
    },
    "sigma2": {
        "nParams": 3,
        "func": "[0]*TMath::Power(x, [1]) + [2]",
        "p0": 0.09091257186421281,
        "p0_err": [
            null,
            null
        ],
        "p1": 0.6783987025079424,
        "p1_err": [
            null,
            null
        ],
        "p2": 4.098750334064246
    },
    "norm2": {
        "nParams": 1,
        "func": "[0]",
        "p0": 0.11979616921189598,
        "p0_err": [
            null,
            null
        ]
    },
    "mean3": {
        "nParams": 2,
        "func": "[0] + [1]*x",
        "p0": -0.011459413412116747,
        "p0_err": [
            null,
            null
        ],
        "p1": -0.001340786939218144,
        "p1_err": [
            null,
            null
        ]
    },
    "sigma3": {
        "nParams": 3,
        "func": "[0]*TMath::Power(x, [1]) + [2]",
        "p0": 0.1338895225570728,
        "p0_err": [
            null,
            null
        ],
        "p1": 0.7094939689821844,
        "p1_err": [
            null,
            null
        ],
        "p2": 7.537296380336389
    },
    "nStatVars": 10,
    "stat0_p": {
        "mean1": {
            "p0": -0.011843400276419941,
            "p1": -0.0013180531444863545
        },
        "sigma1": {
            "p0": 0.03718794326187416,
            "p1": 12.075400723622968
        },
        "norm1": {
            "p0": 0.2287720599810513
        },
        "mean2": {
            "p0": -0.011843400276419941,
            "p1": -0.0013180531444863545
        },
        "sigma2": {
            "p0": 0.08998709245155517,
            "p1": 3.7649911613525524
        },
        "norm2": {
            "p0": 0.08758299940379125
        },
        "mean3": {
            "p0": -0.011843400276419941,
            "p1": -0.0013180531444863545
        },
        "sigma3": {
            "p0": 0.13334874232460395,
            "p1": 7.3039926193285805
        }
    },
    "stat0_m": {
        "mean1": {
            "p0": -0.011075426547813547,
            "p1": -0.00136352073394993
        },
        "sigma1": {
            "p0": 0.037376111704922416,
            "p1": 12.656237109669734
        },
        "norm1": {
            "p0": 0.16670295413491906
        },
        "mean2": {
            "p0": -0.011075426547813547,
            "p1": -0.00136352073394993
        },
        "sigma2": {
            "p0": 0.09183805127687084,
            "p1": 4.432509506775948
        },
        "norm2": {
            "p0": 0.15200933902000083
        },
        "mean3": {
            "p0": -0.011075426547813547,
            "p1": -0.00136352073394993
        },
        "sigma3": {
            "p0": 0.1344303027895417,
            "p1": 7.7706001413441985
        }
    },
    "stat1_p": {
        "mean1": {
            "p0": -0.011688177613438933,
            "p1": -0.0013359584269717663
        },
        "sigma1": {
            "p0": 0.037367464913873355,
            "p1": 12.55357144472515
        },
        "norm1": {
            "p0": 0.18249154543031806
        },
        "mean2": {
            "p0": -0.011688177613438933,
            "p1": -0.0013359584269717663
        },
        "sigma2": {
            "p0": 0.0926685706311214,
            "p1": 3.9079050310615178
        },
        "norm2": {
            "p0": 0.11169345444755266
        },
        "mean3": {
            "p0": -0.011688177613438933,
            "p1": -0.0013359584269717663
        },
        "sigma3": {
            "p0": 0.13355502603611794,
            "p1": 7.575684611426694
        }
    },
    "stat1_m": {
        "mean1": {
            "p0": -0.011230649210794558,
            "p1": -0.0013456154514645182
        },
        "sigma1": {
            "p0": 0.03719659005292322,
            "p1": 12.178066388567553
        },
        "norm1": {
            "p0": 0.21298346868565207
        },
        "mean2": {
            "p0": -0.011230649210794558,
            "p1": -0.0013456154514645182
        },
        "sigma2": {
            "p0": 0.0891565730973046,
            "p1": 4.289595637066982
        },
        "norm2": {
            "p0": 0.1278988839762393
        },
        "mean3": {
            "p0": -0.011230649210794558,
            "p1": -0.0013456154514645182
        },
        "sigma3": {
            "p0": 0.13422401907802772,
            "p1": 7.498908149246085
        }
    },
    "stat2_p": {
        "mean1": {
            "p0": -0.01150894990059041,
            "p1": -0.0013211172687550492
        },
        "sigma1": {
            "p0": 0.03680511587848423,
            "p1": 12.409699202327987
        },
        "norm1": {
            "p0": 0.20188594950730163
        },
        "mean2": {
            "p0": -0.01150894990059041,
            "p1": -0.0013211172687550492
        },
        "sigma2": {
            "p0": 0.08699125584120451,
            "p1": 4.123988054661937
        },
        "norm2": {
            "p0": 0.11162248403873945
        },
        "mean3": {
            "p0": -0.01150894990059041,
            "p1": -0.0013211172687550492
        },
        "sigma3": {
            "p0": 0.13499224053910042,
            "p1": 7.448263046872905
        }
    },
    "stat2_m": {
        "mean1": {
            "p0": -0.01140987692364308,
            "p1": -0.001360456609681235
        },
        "sigma1": {
            "p0": 0.03775893908831232,
            "p1": 12.321938630964718
        },
        "norm1": {
            "p0": 0.1935890646086683
        },
        "mean2": {
            "p0": -0.01140987692364308,
            "p1": -0.001360456609681235
        },
        "sigma2": {
            "p0": 0.09483388788722148,
            "p1": 4.073512613466561
        },
        "norm2": {
            "p0": 0.1279698543850524
        },
        "mean3": {
            "p0": -0.01140987692364308,
            "p1": -0.001360456609681235
        },
        "sigma3": {
            "p0": 0.13278680457504524,
            "p1": 7.626329713799874
        }
    },
    "stat3_p": {
        "mean1": {
            "p0": -0.04657787996643137,
            "p1": -0.00019313758746033875
        },
        "sigma1": {
            "p0": 0.037275497296125115,
            "p1": 12.365805739936695
        },
        "norm1": {
            "p0": 0.19773561129183478
        },
        "mean2": {
            "p0": -0.04657787996643137,
            "p1": -0.00019313758746033875
        },
        "sigma2": {
            "p0": 0.09085158940286572,
            "p1": 4.098784278156985
        },
        "norm2": {
            "p0": 0.11979545813759188
        },
        "mean3": {
            "p0": -0.04657787996643137,
            "p1": -0.00019313758746033875
        },
        "sigma3": {
            "p0": 0.13390497059297501,
            "p1": 7.537322190011549
        }
    },
    "stat3_m": {
        "mean1": {
            "p0": 0.023659053142197885,