{
    "nGauss": 3,
    "mean1": {
        "nParams": 3,
        "func": "[0]*TMath::Power(x, [1]) + [2]",
        "p0": 0.1368545861488843,
        "p0_err": [
            null,
            null
        ],
        "p1": 0.9419974873800004,
        "p2": 1.4368362999771362
    },
    "sigma1": {
        "nParams": 3,
        "func": "[0]*TMath::Power(x, [1]) + [2]",
        "p0": 0.007872399667485533,
        "p0_err": [
            null,
            null
        ],
        "p1": 1.7524748899789544,
        "p1_err": [
            null,
            null
        ],
        "p2": 14.045830912865423
    },
    "norm1": {
        "nParams": 1,
        "func": "[0]",
        "p0": 0.059951221642692676,
        "p0_err": [
            null,
            null
        ]
    },
    "mean2": {
        "nParams": 3,
        "func": "[0]*TMath::Power(x, [1]) + [2]",
        "p0": 1.6805591790129455,
        "p0_err": [
            null,
            null
        ],
        "p1": 0.44827235540991306,
        "p2": -1.4202237565920501
    },
    "sigma2": {
        "nParams": 3,
        "func": "[0]*TMath::Power(x, [1]) + [2]",
        "p0": 0.10199145157715542,
        "p0_err": [
            null,
            null
        ],
        "p1": 0.9648085344844171,
        "p1_err": [
            null,
            null
        ],
        "p2": 5.4176054978256065
    },
    "norm2": {
        "nParams": 1,
        "func": "[0]",
        "p0": 0.3887110555185058,
        "p0_err": [
            null,
            null
        ]
    },
    "mean3": {
        "nParams": 3,
        "func": "[0]*TMath::Power(x, [1]) + [2]",
        "p0": 1.6805591790129455,
        "p0_err": [
            null,
            null
        ],
        "p1": 0.44827235540991306,
        "p2": -1.4202237565920501
    },
    "sigma3": {
        "nParams": 3,
        "func": "[0]*TMath::Power(x, [1]) + [2]",
        "p0": 0.22901568272904121,
        "p0_err": [
            null,
            null
        ],
        "p1": 0.7053683028054469,
        "p1_err": [
            null,
            null
        ],
        "p2": 8.918803406459183
    },
    "nStatVars": 10,
    "stat0_p": {
        "mean1": {
            "p0": 0.1361426080348347
        },
        "sigma1": {
            "p0": 0.007965891609445348,
            "p1": 14.514475602240926
        },
        "norm1": {
            "p0": 0.04501019231034961
        },
        "mean2": {
            "p0": 1.6794002080692476
        },
        "sigma2": {
            "p0": 0.10185423012526496,
            "p1": 5.498110308834007
        },
        "norm2": {
            "p0": 0.410145360489205
        },
        "mean3": {
            "p0": 1.6794002080692476
        },
        "sigma3": {
            "p0": 0.2295068076739127,
            "p1": 9.075948695458445
        }
    },
    "stat0_m": {
        "mean1": {
            "p0": 0.137566564262934
        },
        "sigma1": {
            "p0": 0.007778907725525721,
            "p1": 13.577186223489916
        },
        "norm1": {
            "p0": 0.07489225097503535
        },
        "mean2": {
            "p0": 1.681718149956643
        },
        "sigma2": {
            "p0": 0.10212867302904594,
            "p1": 5.337100686817208
        },
        "norm2": {
            "p0": 0.3672767505478067
        },
        "mean3": {
            "p0": 1.681718149956643
        },
        "sigma3": {
            "p0": 0.22852455778416972,
            "p1": 8.761658117459922
        }
    },
    "stat1_p": {
        "mean1": {
            "p0": 0.13723623145149982
        },
        "sigma1": {
            "p0": 0.007819101173149875,
            "p1": 14.162321433140441
        },
        "norm1": {
            "p0": 0.06395907079955318
        },
        "mean2": {
            "p0": 1.6807599352642375
        },
        "sigma2": {
            "p0": 0.10222286586909832,
            "p1": 5.221196240580899
        },
        "norm2": {
            "p0": 0.3423010782064861
        },
        "mean3": {
            "p0": 1.6807599352642375
        },
        "sigma3": {
            "p0": 0.2303442335251358,
            "p1": 8.678731062271025
        }
    },
    "stat1_m": {
        "mean1": {
            "p0": 0.13647294084626888
        },
        "sigma1": {
            "p0": 0.007925698161821194,
            "p1": 13.9293403925904
        },
        "norm1": {
            "p0": 0.055943372485832005
        },
        "mean2": {
            "p0": 1.6803584227616533
        },
        "sigma2": {
            "p0": 0.10176003728521257,
            "p1": 5.614014755070316
        },
        "norm2": {
            "p0": 0.4351210328305256
        },
        "mean3": {
            "p0": 1.6803584227616533
        },
        "sigma3": {
            "p0": 0.22768713193294662,
            "p1": 9.158875750647342
        }
    },
    "stat2_p": {
        "mean1": {
            "p0": 0.13703857043413586
        },
        "sigma1": {
            "p0": 0.007822644101239557,
            "p1": 14.05297121389867
        },
        "norm1": {
            "p0": 0.06329075114445545
        },
        "mean2": {
            "p0": 1.680787184524311
        },
        "sigma2": {
            "p0": 0.10129775064190993,
            "p1": 5.4970392987992165
        },
        "norm2": {
            "p0": 0.3925218360876607
        },
        "mean3": {
            "p0": 1.680787184524311
        },
        "sigma3": {
            "p0": 0.2307754288306886,
            "p1": 8.856609927219099
        }
    },
    "stat2_m": {
        "mean1": {
            "p0": 0.13667060186363283
        },
        "sigma1": {
            "p0": 0.007922155233731512,
            "p1": 14.038690611832173
        },
        "norm1": {
            "p0": 0.05661169214092962
        },
        "mean2": {
            "p0": 1.6803311735015796
        },
        "sigma2": {
            "p0": 0.10268515251240096,
            "p1": 5.338171696851997
        },
        "norm2": {
            "p0": 0.38490027494935103
        },
        "mean3": {
            "p0": 1.6803311735015796
        },
        "sigma3": {
            "p0": 0.2272559366273938,
            "p1": 8.980996885699268
        }
    },
    "stat3_p": {
        "mean1": {
            "p0": 0.13664894287951942
        },
        "sigma1": {
            "p0": 0.007910094856659788,
            "p1": 14.045721756878846
        },
        "norm1": {
            "p0": 0.05686834381998271
        },
        "mean2": {
            "p0": 1.6802841096241086
        },
        "sigma2": {
            "p0": 0.10164768848908495,
            "p1": 5.418511209874226
        },
        "norm2": {
            "p0": 0.3815148096911822
        },
        "mean3": {
            "p0": 1.6802841096241086
        },
        "sigma3": {
            "p0": 0.22922995683749714,
            "p1": 8.919349431187214
        }
    },
    "stat3_m": {
        "mean1": {
            "p0": 0.13706022941824927
        },
        "sigma1": {
            "p0": 0.00783470447831128,
            "p1": 14.045940068851996
        },
        "norm1": {
            "p0": 0.06303409946540214
        },
        "mean2": {
            "p0": 1.6808342484017822
        },
        "sigma2": {
            "p0": 0.10233521466522594,
            "p1": 5.416699785776989
        },
        "norm2": {
            "p0": 0.39590730134582947
        },
        "mean3": {
            "p0": 1.6808342484017822
        },
        "sigma3": {
            "p0": 0.2288014086205853,
            "p1": 8.91825738173115
        }
    },
    "stat4_p": {
        "mean1": {
            "p0": 0.14138352867237214
        },
        "sigma1": {
            "p0": 0.007885875045993848,
            "p1": 14.04584157804486
        },
        "norm1": {
            "p0": 0.0605734473086946
        },
        "mean2": {
            "p0": 1.6770937824939964
        },
        "sigma2": {
            "p0": 0.10207553298637562,