{
    "x": {
        "data": {
            "nominal": {
                "p0": -0.1184543603679653,
                "p1": 0.03094772223366197,
                "p2": 0.0038008290455672855,
                "p3": -7.425297646023603e-05,
                "polyOrder": 3
            }
        },
        "mc": {
            "nominal": {
                "p0": -0.19742182659498753,
                "p1": -0.16689339607362935,
                "p2": 0.001238031491315547,
                "p3": -1.806504721194695e-05,
                "polyOrder": 3
            }
        }
    },
    "y": {
        "data": {
            "nominal": {
                "p0": 0.19952717601690068,
                "p1": 0.3507620401726583,
                "p2": -0.03866340840301866,
                "p3": 0.002616306749176126,
                "p4": -8.523607670911877e-05,
                "p5": 1.284174442030896e-06,
                "p6": -7.348149594082038e-09,
                "polyOrder": 6
            }
        },
        "mc": {
            "nominal": {
                "p0": 0.17755813738611922,
                "p1": 0.014758780441387434,
                "p2": 0.0012764850773151486,
                "p3": -5.852002458881432e-05,
                "polyOrder": 3
            }
        }
    }
}