{
    "x": {
        "data": {
            "nominal": {
                "p0": -0.1184543603679653,
                "p1": 0.03094772223366197,
                "p2": 0.0038008290455672855,
                "p3": -7.425297646023603e-05,
                "polyOrder": 3
            }
        },
        "mc": {
            "nominal": {
                "p0": -0.19742182629956057,
                "p1": -0.16689339612429535,
                "p2": 0.001238031493915038,
                "p3": -1.8065047252450376e-05,
                "polyOrder": 3
            }
        }
    },
    "y": {
        "data": {
            "nominal": {
                "p0": 0.19952717601690068,
                "p1": 0.3507620401726583,
                "p2": -0.03866340840301866,
                "p3": 0.002616306749176126,
                "p4": -8.523607670911877e-05,
                "p5": 1.284174442030896e-06,
                "p6": -7.348149594082038e-09,
                "polyOrder": 6
            }
        },
        "mc": {
            "nominal": {
                "p0": 0.17755813731416065,
                "p1": 0.014758780453644624,
                "p2": 0.0012764850766894065,
                "p3": -5.852002457910888e-05,
                "polyOrder": 3
            }
        }
    }
}