{
    "x": {
        "data": {
            "nominal": {
                "p0": -0.5466068651433458,
                "p1": -0.3100112900280564,
                "polyOrder": 1
            }
        },
        "mc": {
            "nominal": {
                "p0": -0.003956892272679369,
                "p1": -0.11092592817184752,
                "polyOrder": 1
            }
        }
    },
    "y": {
        "data": {
            "nominal": {
                "p0": 0.2841265088095204,
                "p1": 0.21365851386249932,
                "polyOrder": 1
            }
        },
        "mc": {
            "nominal": {
                "p0": -0.11473714866312298,
                "p1": 0.09986350456772886,
                "polyOrder": 1
            }
        }
    }
}