{
    "x": {
        "data": {
            "nominal": {
                "p0": -0.5466068651433458,
                "p1": -0.3100112900280564,
                "polyOrder": 1
            }
        },
        "mc": {
            "nominal": {
                "p0": -0.0037930950917576534,
                "p1": -0.11096866578379273,
                "polyOrder": 1
            }
        }
    },
    "y": {
        "data": {
            "nominal": {
                "p0": 0.2841265088095204,
                "p1": 0.21365851386249932,
                "polyOrder": 1
            }
        },
        "mc": {
            "nominal": {
                "p0": -0.11470088204628429,
                "p1": 0.09984286462616992,
                "polyOrder": 1
            }
        }
    }
}