{
    "x": {
        "data": {
            "nominal": {
                "p0": -2.3694728208256084,
                "p1": 0.00918119161619944,
                "p2": 0.00010047606955177737,
                "p3": -1.0606476103297835e-05,
                "polyOrder": 3
            }
        },
        "mc": {
            "nominal": {
                "p0": -2.727989670879266,
                "p1": -0.040655410832547964,
                "p2": -0.00034295998982902906,
                "p3": -7.2753233834830725e-06,
                "polyOrder": 3
            }
        }
    },
    "y": {
        "data": {
            "nominal": {
                "p0": -0.9959646682550254,
                "p1": 0.01962191694864049,
                "p2": 0.00014841574476853243,
                "p3": -2.224622261181739e-05,
                "polyOrder": 3
            }
        },
        "mc": {
            "nominal": {
                "p0": -1.09248975893217,
                "p1": 0.0035523180963632313,
                "p2": -0.00024841954882304245,
                "p3": -8.730431442740583e-06,
                "polyOrder": 3
            }
        }
    }
}