{
    "x": {
        "data": {
            "nominal": {
                "p0": -2.3694728208256084,
                "p1": 0.00918119161619944,
                "p2": 0.00010047606955177737,
                "p3": -1.0606476103297835e-05,
                "polyOrder": 3
            }
        },
        "mc": {
            "nominal": {
                "p0": -2.7279896710559526,
                "p1": -0.040655410802295566,
                "p2": -0.00034295999138524424,
                "p3": -7.275323359068416e-06,
                "polyOrder": 3
            }
        }
    },
    "y": {
        "data": {
            "nominal": {
                "p0": -0.9959646682550254,
                "p1": 0.01962191694864049,
                "p2": 0.00014841574476853243,
                "p3": -2.224622261181739e-05,
                "polyOrder": 3
            }
        },
        "mc": {
            "nominal": {
                "p0": -1.0924897590159461,
                "p1": 0.0035523181106325167,
                "p2": -0.00024841954955307416,
                "p3": -8.730431431355779e-06,
                "polyOrder": 3
            }
        }
    }
}