{
    "x": {
        "data": {
            "nominal": {
                "p0": -2.3697971612317636,
                "p1": 0.009512925387670559,
                "p2": 7.505293965072999e-05,
                "p3": -1.0030729094656875e-05,
                "polyOrder": 3
            }
        },
        "mc": {
            "nominal": {
                "p0": -2.7249682396714157,
                "p1": -0.04111719092042734,
                "p2": -0.0003111786983541908,
                "p3": -7.877179150253202e-06,
                "polyOrder": 3
            }
        }
    },
    "y": {
        "data": {
            "nominal": {
                "p0": -0.9850631980080287,
                "p1": 0.01726131582290981,
                "p2": 0.0002870424795208046,
                "p3": -2.454617988974316e-05,
                "polyOrder": 3
            }
        },
        "mc": {
            "nominal": {
                "p0": -1.0863393470164429,
                "p1": 0.0021629970027936965,
                "p2": -0.00016409730700095155,
                "p3": -1.0186055236294248e-05,
                "polyOrder": 3
            }
        }
    }
}