{
    "qT_bins": [
        0,
        1,
        2,
        3,
        4,
        5,
        6,
        7,
        8,
        9,
        10,
        11,
        12,
        13,
        14,
        15,
        16,
        17,
        18,
        19,
        20,
        21,
        22,
        23,
        24,
        25,
        26,
        27,
        28,
        29,
        30,
        31,
        32,
        33,
        34,
        35,
        36,
        37,
        38,
        39,
        40,
        41,
        42,
        43,
        44,
        45,
        46,
        47,
        48,
        49,
        50,
        52,
        54,
        56,
        58,
        60,
        62,
        64,
        66,
        68,
        70,
        72,
        74,
        76,
        78,
        80,
        85,
        90,
        95,
        100,
        105,
        110,
        115,
        120,
        130,
        140,
        150,
        160,
        180,
        200,
        220,
        240,
        260,
        280,
        500
    ],
    "weights": [
        0.974298651070914,
        0.9581067583654616,
        0.9249138907885011,
        0.9079107431151167,
        0.9062489751134105,
        0.9216136843109471,
        0.942186831784421,
        0.9702722703956392,
        0.9965399087217582,
        1.0150436979063042,
        1.0296830160677346,
        1.0464702190220694,
        1.0519487336028133,
        1.0563110962064486,
        1.060108196924227,
        1.0591074768574074,
        1.0614564753720799,
        1.058443516074064,
        1.0671301455667048,
        1.0634712651702762,
        1.0611727424256705,
        1.0595909868741569,
        1.061155718390412,
        1.0594783935058456,
        1.060755706217821,
        1.0595533606920076,
        1.0528346762405731,
        1.0544134386156603,
        1.0531503661558173,
        1.0512360939589809,
        1.050369903317898,
        1.0460073932017915,
        1.0444194326014058,
        1.0431046194369609,
        1.0417203451808372,
        1.0364697475215645,
        1.0376781206117809,
        1.0469253364710536,
        1.0300715041619355,
        1.0368835151702709,
        1.038531599165126,
        1.0369700538091449,
        1.0340044717396852,
        1.0265263282329498,
        1.0379926021027002,
        1.0419172579555778,
        1.030884567122836,
        1.0353224799791887,
        1.0348557303360755,
        1.0393861993950264,
        1.03071238634304,
        1.0374772241148265,
        1.0261431197444475,
        1.015512982159398,
        1.0276479737629585,
        1.0203318249099567,
        1.0215053838322614,
        1.0210792401696054,
        1.0154049082289112,
        1.0385660479922043,
        1.0320649151532346,
        1.0217172470759,
        1.0197905169614423,
        1.0255492094766765,
        1.0334473237193462,
        1.0351676071212383,
        1.030397024128529,
        1.025456062514529,
        1.0295902016055407,
        1.0416259276048103,
        1.036379276044675,
        1.0236902417144627,
        1.0158864605483955,
        1.0436747437288814,
        1.0381380319943647,
        1.035698728694683,
        1.0251234394560749,
        1.027389615189541,
        0.9920656264107308,
        1.0154940894808935,
        0.9604244132238087,
        0.9444220127914794,
        0.9266494716721184,
        0.9476832997356501
    ]
}