{
    "x": {
        "data": {
            "nominal": {
                "p0": 0.04728685409996791,
                "p1": -0.0031311533174689238,
                "p2": 0.00527096446277224,
                "p3": -9.256512019965662e-05,
                "polyOrder": 3
            }
        },
        "mc": {
            "nominal": {
                "p0": -0.24116184071171598,
                "p1": -0.17169677158688762,
                "p2": 0.0011705908594310292,
                "p3": -1.8635377377149597e-05,
                "polyOrder": 3
            }
        }
    },
    "y": {
        "data": {
            "nominal": {
                "p0": 0.9829628111524811,
                "p1": 0.017243788130701265,
                "p2": 0.005317511122966198,
                "p3": -0.00011086893283214854,
                "polyOrder": 3
            }
        },
        "mc": {
            "nominal": {
                "p0": 0.16206817146066546,
                "p1": 0.002347836358810168,
                "p2": 0.0018710611225854603,
                "p3": -6.751359095453597e-05,
                "polyOrder": 3
            }
        }
    }
}