{
    "x": {
        "data": {
            "nominal": {
                "p0": 0.03652474807249134,
                "p1": -0.001524264283427633,
                "p2": 0.005177876664241108,
                "p3": -9.076278000174327e-05,
                "polyOrder": 3
            }
        },
        "mc": {
            "nominal": {
                "p0": -0.23228877804529952,
                "p1": -0.17253674099726649,
                "p2": 0.001199874183820982,
                "p3": -1.9122123653698498e-05,
                "polyOrder": 3
            }
        }
    },
    "y": {
        "data": {
            "nominal": {
                "p0": 0.9948190010725873,
                "p1": 0.015336019039218593,
                "p2": 0.0054046982726387175,
                "p3": -0.000112092847980511,
                "polyOrder": 3
            }
        },
        "mc": {
            "nominal": {
                "p0": 0.15485450887851937,
                "p1": 0.0032238199997171382,
                "p2": 0.0018459409836934697,
                "p3": -6.732859293026723e-05,
                "polyOrder": 3
            }
        }
    }
}