{
    "x": {
        "data": {
            "nominal": {
                "p0": 0.03652474807249134,
                "p1": -0.001524264283427633,
                "p2": 0.005177876664241108,
                "p3": -9.076278000174327e-05,
                "polyOrder": 3
            }
        },
        "mc": {
            "nominal": {
                "p0": -0.2322887779730518,
                "p1": -0.17253674101198943,
                "p2": 0.0011998741846916921,
                "p3": -1.9122123669017597e-05,
                "polyOrder": 3
            }
        }
    },
    "y": {
        "data": {
            "nominal": {
                "p0": 0.9948190010725873,
                "p1": 0.015336019039218593,
                "p2": 0.0054046982726387175,
                "p3": -0.000112092847980511,
                "polyOrder": 3
            }
        },
        "mc": {
            "nominal": {
                "p0": 0.15485450882865276,
                "p1": 0.003223820009042748,
                "p2": 0.0018459409831778357,
                "p3": -6.732859292169123e-05,
                "polyOrder": 3
            }
        }
    }
}