{
    "qT_bins": [
        0,
        1,
        2,
        3,
        4,
        5,
        6,
        7,
        8,
        9,
        10,
        11,
        12,
        13,
        14,
        15,
        16,
        17,
        18,
        19,
        20,
        21,
        22,
        23,
        24,
        25,
        26,
        27,
        28,
        29,
        30,
        31,
        32,
        33,
        34,
        35,
        36,
        37,
        38,
        39,
        40,
        41,
        42,
        43,
        44,
        45,
        46,
        47,
        48,
        49,
        50,
        52,
        54,
        56,
        58,
        60,
        62,
        64,
        66,
        68,
        70,
        72,
        74,
        76,
        78,
        80,
        85,
        90,
        95,
        100,
        105,
        110,
        115,
        120,
        130,
        140,
        150,
        160,
        180,
        200,
        220,
        240,
        260,
        280,
        500
    ],
    "weights": [
        0.9742986510709185,
        0.9581067583654842,
        0.9249138907884958,
        0.9079107431151214,
        0.9062489751134133,
        0.9216136843109406,
        0.9421868317844057,
        0.9702722703956377,
        0.9965399087217235,
        1.0150436979063115,
        1.0296830160677322,
        1.0464702190220894,
        1.0519487336028097,
        1.0563110962064564,
        1.0601081969242432,
        1.0591074768574131,
        1.0614564753720785,
        1.0584435160740648,
        1.0671301455667002,
        1.0634712651702796,
        1.0611727424256852,
        1.059590986874155,
        1.0611557183904263,
        1.0594783935058418,
        1.0607557062178228,
        1.0595533606920011,
        1.0528346762405656,
        1.054413438615655,
        1.0531503661558188,
        1.051236093958975,
        1.0503699033178948,
        1.0460073932017957,
        1.0444194326014082,
        1.0431046194369613,
        1.0417203451808508,
        1.036469747521563,
        1.037678120611781,
        1.0469253364710616,
        1.0300715041619306,
        1.036883515170274,
        1.038531599165129,
        1.03697005380914,
        1.0340044717396861,
        1.0265263282329569,
        1.0379926021027104,
        1.0419172579555833,
        1.0308845671228388,
        1.0353224799791931,
        1.0348557303360781,
        1.0393861993950262,
        1.0307123863430425,
        1.0374772241148245,
        1.0261431197444468,
        1.0155129821593947,
        1.0276479737629576,
        1.020331824909959,
        1.0215053838322614,
        1.0210792401696076,
        1.0154049082289116,
        1.0385660479922065,
        1.0320649151532344,
        1.0217172470759006,
        1.0197905169614419,
        1.0255492094766772,
        1.0334473237193489,
        1.0351676071212392,
        1.0303970241285294,
        1.0254560625145301,
        1.029590201605541,
        1.0416259276048125,
        1.0363792760446762,
        1.0236902417144635,
        1.0158864605483953,
        1.043674743728882,
        1.038138031994366,
        1.0356987286946837,
        1.0251234394560758,
        1.0273896151895419,
        0.9920656264107316,
        1.0154940894808946,
        0.9604244132238094,
        0.9444220127914801,
        0.9266494716721194,
        0.947683299735651
    ]
}