{
    "nGauss": 4,
    "mean1": {
        "nParams": 2,
        "func": "[0] + [1]*x",
        "p0": -0.04220047014711037,
        "p0_err": [
            null,
            null
        ],
        "p1": -0.00024293539892535543,
        "p1_err": [
            null,
            null
        ]
    },
    "sigma1": {
        "nParams": 3,
        "func": "[0]*TMath::Power(x, [1]) + [2]",
        "p0": 0.009354021323401077,
        "p0_err": [
            null,
            null
        ],
        "p1": 1.6648127992903548,
        "p1_err": [
            null,
            null
        ],
        "p2": 48.53721104491031,
        "p2_err": [
            null,
            null
        ]
    },
    "norm1": {
        "nParams": 1,
        "func": "[0]",
        "p0": 0.0003998836460763135,
        "p0_err": [
            null,
            null
        ]
    },
    "mean2": {
        "nParams": 2,
        "func": "[0] + [1]*x",
        "p0": 0.03797463678000387,
        "p0_err": [
            null,
            null
        ],
        "p1": 0.00026289970782898843,
        "p1_err": [
            null,
            null
        ]
    },
    "sigma2": {
        "nParams": 3,
        "func": "[0]*TMath::Power(x, [1]) + [2]",
        "p0": 96.53317318656957,
        "p0_err": [
            null,
            null
        ],
        "p1": 0.003000567953123766,
        "p1_err": [
            null,
            null
        ],
        "p2": -86.23646277079877,
        "p2_err": [
            null,
            null
        ]
    },
    "norm2": {
        "nParams": 1,
        "func": "[0]",
        "p0": 0.10355747708001373,
        "p0_err": [
            null,
            null
        ]
    },
    "mean3": {
        "nParams": 2,
        "func": "[0] + [1]*x",
        "p0": -0.04220047014711037,
        "p0_err": [
            null,
            null
        ],
        "p1": -0.00024293539892535543,
        "p1_err": [
            null,
            null
        ]
    },
    "sigma3": {
        "nParams": 3,
        "func": "[0]*TMath::Power(x, [1]) + [2]",
        "p0": 0.07069527064935248,
        "p0_err": [
            null,
            null
        ],
        "p1": 0.6774979277106996,
        "p1_err": [
            null,
            null
        ],
        "p2": 16.953404884474345,
        "p2_err": [
            null,
            null
        ]
    },
    "norm3": {
        "nParams": 1,
        "func": "[0]",
        "p0": 0.6335776593095571,
        "p0_err": [
            null,
            null
        ]
    },
    "mean4": {
        "nParams": 2,
        "func": "[0] + [1]*x",
        "p0": 0.03797463678000387,
        "p0_err": [
            null,
            null
        ],
        "p1": 0.00026289970782898843,
        "p1_err": [
            null,
            null
        ]
    },
    "sigma4": {
        "nParams": 3,
        "func": "[0]*TMath::Power(x, [1]) + [2]",
        "p0": 0.0267339490477606,
        "p0_err": [
            null,
            null
        ],
        "p1": 0.948563174668127,
        "p1_err": [
            null,
            null
        ],
        "p2": 23.577809453857363,
        "p2_err": [
            null,
            null
        ]
    }
}