{
    "nGauss": 4,
    "mean1": {
        "nParams": 2,
        "func": "[0] + [1]*x",
        "p0": 0.0038469318590677684,
        "p0_err": [
            null,
            null
        ],
        "p1": -0.0004582208962859371,
        "p1_err": [
            null,
            null
        ]
    },
    "sigma1": {
        "nParams": 3,
        "func": "[0]*TMath::Power(x, [1]) + [2]",
        "p0": 0.006729042708650819,
        "p0_err": [
            null,
            null
        ],
        "p1": 1.658379310620771,
        "p1_err": [
            null,
            null
        ],
        "p2": 33.687251568148945,
        "p2_err": [
            null,
            null
        ]
    },
    "norm1": {
        "nParams": 1,
        "func": "[0]",
        "p0": 0.005612343080352291,
        "p0_err": [
            null,
            null
        ]
    },
    "mean2": {
        "nParams": 2,
        "func": "[0] + [1]*x",
        "p0": -0.025922085001482433,
        "p0_err": [
            null,
            null
        ],
        "p1": -0.0002249170048702731,
        "p1_err": [
            null,
            null
        ]
    },
    "sigma2": {
        "nParams": 3,
        "func": "[0]*TMath::Power(x, [1]) + [2]",
        "p0": 95.06614433808573,
        "p0_err": [
            null,
            null
        ],
        "p1": -8.371447728017119e-05,
        "p1_err": [
            null,
            null
        ],
        "p2": -87.70273906937314,
        "p2_err": [
            null,
            null
        ]
    },
    "norm2": {
        "nParams": 1,
        "func": "[0]",
        "p0": 0.013604115169651826,
        "p0_err": [
            null,
            null
        ]
    },
    "mean3": {
        "nParams": 2,
        "func": "[0] + [1]*x",
        "p0": 0.0038469318590677684,
        "p0_err": [
            null,
            null
        ],
        "p1": -0.0004582208962859371,
        "p1_err": [
            null,
            null
        ]
    },
    "sigma3": {
        "nParams": 3,
        "func": "[0]*TMath::Power(x, [1]) + [2]",
        "p0": 0.06960899544605226,
        "p0_err": [
            null,
            null
        ],
        "p1": 0.6784430573539223,
        "p1_err": [
            null,
            null
        ],
        "p2": 15.645728701211175,
        "p2_err": [
            null,
            null
        ]
    },
    "norm3": {
        "nParams": 1,
        "func": "[0]",
        "p0": 0.5434181313063339,
        "p0_err": [
            null,
            null
        ]
    },
    "mean4": {
        "nParams": 2,
        "func": "[0] + [1]*x",
        "p0": -0.025922085001482433,
        "p0_err": [
            null,
            null
        ],
        "p1": -0.0002249170048702731,
        "p1_err": [
            null,
            null
        ]
    },
    "sigma4": {
        "nParams": 3,
        "func": "[0]*TMath::Power(x, [1]) + [2]",
        "p0": 0.028838239943073135,
        "p0_err": [
            null,
            null
        ],
        "p1": 0.9202811057235931,
        "p1_err": [
            null,
            null
        ],
        "p2": 21.967354494752833,
        "p2_err": [
            null,
            null
        ]
    }
}