{
    "x": {
        "data": {
            "nominal": {
                "p0": -0.23914530797439293,
                "p1": -0.34676215227756335,
                "polyOrder": 1
            }
        },
        "mc": {
            "nominal": {
                "p0": -0.10555647643292411,
                "p1": -0.11208623804616462,
                "polyOrder": 1
            }
        }
    },
    "y": {
        "data": {
            "nominal": {
                "p0": -0.05878567298003007,
                "p1": 0.2336604391587076,
                "polyOrder": 1
            }
        },
        "mc": {
            "nominal": {
                "p0": -0.1805261035978856,
                "p1": 0.10552303853099401,
                "polyOrder": 1
            }
        }
    }
}