{
    "qT_bins": [
        0,
        1,
        2,
        3,
        4,
        5,
        6,
        7,
        8,
        9,
        10,
        11,
        12,
        13,
        14,
        15,
        16,
        17,
        18,
        19,
        20,
        21,
        22,
        23,
        24,
        25,
        26,
        27,
        28,
        29,
        30,
        32,
        34,
        36,
        38,
        40,
        42,
        44,
        46,
        48,
        50,
        55,
        60,
        65,
        70,
        80,
        90,
        100,
        110,
        120,
        150,
        300
    ],
    "weights": [
        1.0251257853901585,
        0.9581566641325594,
        0.9129285310106708,
        0.9034543490063692,
        0.9102055958384381,
        0.9414844346505354,
        0.9693641134606991,
        0.9609255495852407,
        0.9892851121773424,
        1.0247071461469084,
        1.0482647529895168,
        1.0006778698007905,
        1.0886451150743985,
        1.0478848648415373,
        1.057147877889051,
        1.0730200569830837,
        1.0709330375994321,
        1.093029429311313,
        1.0439517007858201,
        1.0557031885435915,
        1.0723625858315078,
        1.0573059013373416,
        1.0780737016912836,
        1.0613203185948998,
        1.1285808819608065,
        1.0599400423507752,
        1.0123979201501634,
        1.037042434639567,
        1.0343636496639652,
        1.0130644971452463,
        0.9922335840241424,
        1.0480529385434734,
        1.0764289245028373,
        1.0551683058637151,
        1.0604519634021177,
        1.0174196834724987,
        1.0035835957778108,
        1.0602728293395889,
        1.0694507840123226,
        1.0174252315851855,
        0.9963292517484815,
        1.0196704503132572,
        0.9636893290869665,
        0.9964919714612374,
        1.0105367826030542,
        1.0643811276506476,
        1.0197138618073716,
        1.0578225133777301,
        1.055126324820279,
        0.9465045310322626,
        0.9916582442910461
    ]
}